Filename,WC,exam,in_class,mealtimes,socializing,at_work,schedule,coursework,at_home,downtime,relationships
1_1_1.txt,105,8.57,1.9,0,0,4.76,5.71,0,0.95,0,0
1_1_2.txt,30,3.33,0,0,0,3.33,0,10,0,6.67,0
1_1_3.txt,53,0,0,0,1.89,5.66,0,0,3.77,1.89,1.89
1_2_1.txt,91,0,0,1.1,1.1,1.1,0,0,2.2,1.1,1.1
1_2_2.txt,49,2.04,2.04,2.04,0,2.04,0,0,0,4.08,0
1_2_3.txt,55,1.82,0,1.82,0,1.82,3.64,3.64,3.64,3.64,0
1_3_1.txt,78,8.97,1.28,0,2.56,2.56,1.28,2.56,2.56,0,0
1_3_2.txt,48,0,0,0,0,2.08,0,2.08,0,0,0
1_3_3.txt,28,0,0,0,3.57,7.14,3.57,3.57,0,14.29,0
10_1_1.txt,31,0,0,0,0,3.23,3.23,0,3.23,0,0
10_1_2.txt,48,4.17,2.08,0,0,0,4.17,0,2.08,0,0
10_1_3.txt,67,2.99,1.49,1.49,1.49,0,0,0,1.49,2.99,0
10_2_1.txt,50,8,0,0,2,6,4,4,4,0,0
10_2_2.txt,61,1.64,1.64,1.64,0,1.64,4.92,1.64,1.64,3.28,3.28
10_2_3.txt,82,1.22,0,1.22,3.66,0,0,1.22,0,2.44,1.22
10_3_1.txt,182,2.75,2.2,1.1,1.65,2.2,2.75,4.95,2.2,2.2,0
10_3_2.txt,67,0,1.49,1.49,0,0,1.49,1.49,5.97,1.49,0
10_3_3.txt,154,1.3,0.65,0,3.25,0.65,0.65,1.3,1.3,5.19,0.65
11_1_1.txt,301,0.33,0,0,0.33,2.33,0.33,2.33,0.33,0,0
11_1_2.txt,58,0,0,1.72,1.72,1.72,3.45,1.72,0,1.72,0
11_1_3.txt,99,0,0,1.01,5.05,0,1.01,0,0,6.06,1.01
11_2_1.txt,206,0,0.49,0,1.46,0.97,0.97,0.97,0.49,0.49,1.46
11_2_2.txt,83,0,0,0,4.82,2.41,0,4.82,0,0,0
11_2_3.txt,132,0,0,1.52,2.27,0.76,6.06,2.27,3.03,0.76,0.76
11_3_1.txt,125,0.8,0,0,1.6,0.8,1.6,0,0,0.8,0
11_3_2.txt,31,0,0,0,0,0,0,3.23,3.23,3.23,0
11_3_3.txt,80,0,0,2.5,1.25,1.25,0,1.25,2.5,3.75,1.25
12_1_1.txt,105,0.95,0,0,2.86,0,0,0,2.86,0,1.9
12_1_2.txt,66,0,0,0,0,0,0,0,0,0,0
12_1_3.txt,91,1.1,0,2.2,0,3.3,0,1.1,2.2,3.3,0
12_2_1.txt,55,5.45,0,0,1.82,0,3.64,0,0,0,0
12_2_2.txt,65,0,0,0,0,1.54,6.15,0,1.54,0,0
12_2_3.txt,93,2.15,0,1.08,4.3,1.08,0,2.15,0,2.15,2.15
12_3_1.txt,86,4.65,6.98,0,3.49,2.33,2.33,0,0,0,2.33
12_3_2.txt,92,1.09,1.09,1.09,1.09,1.09,3.26,0,5.43,1.09,0
12_3_3.txt,62,0,0,1.61,1.61,0,1.61,0,4.84,0,1.61
13_1_1.txt,94,0,0,0,0,1.06,0,1.06,0,0,0
13_1_2.txt,82,8.54,8.54,1.22,2.44,1.22,1.22,1.22,0,2.44,0
13_1_3.txt,152,0,0.66,0.66,1.32,0,0.66,0,0,5.26,0.66
13_2_1.txt,94,3.19,0,0,0,1.06,1.06,0,0,0,0
13_2_2.txt,98,0,0,3.06,1.02,0,3.06,0,1.02,1.02,1.02
13_2_3.txt,108,1.85,0.93,3.7,3.7,2.78,0,1.85,0,4.63,0.93
13_3_1.txt,142,0.7,0,0,1.41,0,0.7,0,2.11,0,0.7
13_3_2.txt,159,2.52,1.26,0,0.63,0,0,0.63,0,0,0
13_3_3.txt,183,0.55,0,1.09,1.64,1.64,0.55,0,0.55,1.09,1.64
14_1_1.txt,131,3.82,1.53,0,0.76,3.05,4.58,6.11,2.29,0,2.29
14_1_2.txt,122,5.74,9.02,0,2.46,0,0.82,0,0.82,0,0
14_1_3.txt,158,0.63,0.63,0.63,3.8,0.63,0.63,0,0,0.63,1.27
14_2_1.txt,207,0.97,0.48,0,1.93,1.45,1.93,0.48,0.97,0,0.48
14_2_2.txt,126,6.35,7.94,0.79,1.59,0.79,0.79,0,0,0.79,0
14_2_3.txt,134,0,0,0,0.75,0.75,0.75,0,0,0,0
14_3_1.txt,285,1.75,0.35,0,0,4.21,2.81,1.05,1.75,0,0
14_3_2.txt,123,1.63,0,0,1.63,1.63,3.25,0.81,4.07,0,0.81
14_3_3.txt,149,0,0,2.68,4.7,0.67,0.67,0.67,0.67,1.34,4.03
15_1_1.txt,140,2.14,0,2.14,0.71,1.43,0.71,1.43,0,1.43,1.43
15_1_2.txt,120,5.83,9.17,4.17,4.17,0.83,0.83,1.67,0,4.17,0
15_1_3.txt,134,0,0.75,1.49,2.99,0.75,1.49,0,0,0.75,3.73
15_2_1.txt,89,3.37,2.25,0,1.12,3.37,1.12,3.37,1.12,0,2.25
15_2_2.txt,95,0,0,0,4.21,0,1.05,0,1.05,1.05,0
15_2_3.txt,70,0,0,0,2.86,2.86,0,0,2.86,0,4.29
15_3_1.txt,165,0,0,0,2.42,1.21,0,0,1.82,0,1.21
15_3_2.txt,180,2.22,2.78,0,0,1.11,0,2.78,0.56,0.56,1.11
15_3_3.txt,213,1.88,0,1.41,1.88,2.82,0.94,0.94,0.94,2.35,2.82
16_1_1.txt,181,0,1.66,0,0.55,1.66,0.55,0.55,1.66,0,3.31
16_1_2.txt,173,4.62,6.94,2.31,1.73,2.89,0.58,1.16,0,2.31,0.58
16_1_3.txt,193,2.59,1.55,1.04,1.55,2.07,0,3.11,0.52,1.55,1.04
16_2_1.txt,212,7.55,1.42,0.47,0.94,4.25,2.36,1.42,2.36,0.47,0.47
16_2_2.txt,218,5.5,4.59,1.38,2.29,0.92,0.92,2.29,0,2.75,1.38
16_2_3.txt,257,0.39,0.39,0.39,4.67,1.17,0.39,0,0.39,0.39,4.67
16_3_1.txt,169,0.59,0,0.59,1.18,1.18,2.37,0,1.18,0,1.18
16_3_2.txt,158,0,0.63,0.63,0.63,2.53,0.63,0,0.63,4.43,0.63
16_3_3.txt,241,1.24,1.66,0,4.15,0.83,0,0.83,1.24,2.9,2.07
17_1_1.txt,88,5.68,5.68,0,0,1.14,3.41,0,0,0,0
17_1_2.txt,71,0,0,9.86,2.82,1.41,4.23,0,0,0,1.41
17_1_3.txt,77,0,0,0,0,2.6,3.9,0,2.6,11.69,0
17_2_1.txt,91,3.3,5.49,0,1.1,0,2.2,1.1,1.1,1.1,0
17_2_2.txt,80,0,0,15,2.5,0,2.5,0,0,1.25,1.25
17_2_3.txt,116,0,0,1.72,0.86,0,0,0,0,0,0
17_3_1.txt,77,5.19,0,0,0,1.3,0,1.3,0,0,0
17_3_2.txt,78,6.41,0,0,2.56,0,1.28,0,0,0,1.28
17_3_3.txt,81,0,0,0,3.7,0,0,0,2.47,0,3.7
18_1_1.txt,90,0,0,0,2.22,4.44,0,6.67,2.22,0,0
18_1_2.txt,12,16.67,25,0,0,0,0,0,0,0,8.33
18_1_3.txt,44,0,0,0,2.27,2.27,4.55,2.27,2.27,0,0
18_2_1.txt,60,0,0,0,5,0,0,0,3.33,0,8.33
18_2_2.txt,72,5.56,1.39,0,1.39,0,2.78,0,5.56,0,0
18_2_3.txt,106,0.94,0,0,1.89,2.83,0,2.83,0,0,0
18_3_1.txt,64,1.56,0,0,0,1.56,1.56,0,0,0,0
18_3_2.txt,23,0,4.35,0,0,0,0,0,0,0,0
18_3_3.txt,51,0,0,0,5.88,0,1.96,0,1.96,1.96,9.8
19_1_1.txt,257,7,2.72,0,1.56,2.33,1.56,0.39,1.56,0,0.78
19_1_2.txt,167,2.4,1.2,2.99,2.4,1.2,0.6,2.4,1.2,0.6,0.6
19_1_3.txt,187,1.6,0,1.6,2.14,4.28,1.07,2.14,3.74,2.67,1.07
19_2_1.txt,188,6.38,2.13,0,1.06,6.38,3.72,1.6,4.79,0,0.53
19_2_2.txt,134,3.73,4.48,0.75,2.24,2.24,0,0.75,3.73,0,3.73
19_2_3.txt,366,0.55,0.82,0.55,4.1,2.19,0.55,0.55,1.91,0.82,3.55
19_3_1.txt,272,0.74,0,0,0.37,2.21,0.74,0.74,2.21,0.37,2.94
19_3_2.txt,204,0,0.49,1.96,0.49,1.96,0,0.49,5.39,1.96,0
19_3_3.txt,267,0.37,1.5,0,3.75,0.37,1.12,0,2.25,1.12,0.75
2_1_1.txt,66,0,0,0,1.52,1.52,0,3.03,0,1.52,1.52
2_1_2.txt,17,0,0,0,5.88,5.88,0,5.88,0,11.76,5.88
2_1_3.txt,45,0,0,0,2.22,0,0,0,0,2.22,0
2_2_1.txt,89,2.25,4.49,0,0,4.49,0,2.25,1.12,0,1.12
2_2_2.txt,58,3.45,0,0,0,0,0,0,0,0,0
2_2_3.txt,135,0.74,0.74,0.74,4.44,0,2.96,1.48,2.22,2.96,2.22
2_3_1.txt,50,0,0,0,0,2,0,0,2,0,0
2_3_2.txt,49,0,0,0,2.04,0,4.08,2.04,2.04,4.08,0
2_3_3.txt,89,0,0,1.12,1.12,4.49,2.25,4.49,1.12,1.12,1.12
20_1_1.txt,190,1.05,0,2.11,2.63,1.58,0.53,2.11,1.05,1.05,1.05
20_1_2.txt,180,2.22,0,0,1.67,1.11,1.67,0,3.89,1.11,0
20_1_3.txt,155,0,0,5.81,3.23,0,2.58,0,3.87,1.94,0.65
20_2_1.txt,220,0.91,0,0,2.73,2.27,0.45,0,3.64,0.45,1.82
20_2_2.txt,141,0.71,0.71,0.71,0,0.71,1.42,0.71,1.42,2.13,0
20_2_3.txt,190,1.05,0.53,0,3.16,0.53,0.53,0.53,1.05,0.53,2.11
20_3_1.txt,361,0.28,0.83,1.39,0.55,1.11,0.28,0.83,1.66,0.83,0.83
20_3_2.txt,134,0,0,0,0,0,0.75,0.75,0.75,0,0.75
20_3_3.txt,170,1.18,0,1.76,2.35,2.35,0,1.18,1.76,1.76,0.59
21_1_1.txt,125,0,0,0,1.6,4,0,4,2.4,0,0.8
21_1_2.txt,114,0.88,0,0.88,2.63,0.88,4.39,0,3.51,0.88,4.39
21_1_3.txt,134,0,0,0.75,0.75,1.49,0,0.75,0,0.75,0.75
21_2_1.txt,227,8.81,2.64,1.32,1.32,0,0.88,1.76,0,1.32,0.44
21_2_2.txt,142,1.41,1.41,2.11,2.11,0,2.11,0,0.7,0,1.41
21_2_3.txt,158,1.9,1.27,0.63,3.16,1.27,3.16,0.63,2.53,0.63,2.53
21_3_1.txt,183,2.73,0,0,1.09,2.73,2.19,2.73,1.64,0.55,1.09
21_3_2.txt,137,0.73,0.73,1.46,2.19,0,0.73,0,1.46,0,2.19
21_3_3.txt,126,0,0.79,0,1.59,0.79,0.79,0,1.59,0.79,0.79
22_1_1.txt,85,0,1.18,0,2.35,1.18,1.18,1.18,3.53,1.18,1.18
22_1_2.txt,87,0,1.15,0,0,1.15,2.3,0,1.15,4.6,0
22_1_3.txt,144,0,0,2.08,1.39,0.69,0.69,0,4.86,1.39,0.69
22_2_1.txt,182,4.4,1.1,0.55,1.65,1.65,0.55,0.55,0.55,0.55,0.55
22_2_2.txt,104,0,0.96,0,0.96,0.96,0,1.92,0.96,0,0
22_2_3.txt,109,1.83,0.92,0,1.83,2.75,0.92,0,2.75,0,0
22_3_1.txt,141,1.42,0.71,0,0,4.96,0.71,4.96,0,0,0
22_3_2.txt,112,0,0,6.25,0.89,0.89,3.57,0,1.79,2.68,1.79
22_3_3.txt,122,0,0,0,0.82,1.64,0.82,0,1.64,1.64,0
23_1_1.txt,112,0.89,0.89,0,0.89,3.57,0,2.68,0.89,0,2.68
23_1_2.txt,142,2.11,5.63,0,1.41,0,0,0,0.7,0,2.82
23_1_3.txt,139,7.91,4.32,0.72,2.16,1.44,0.72,2.16,0,0.72,1.44
23_2_1.txt,295,0.34,0.68,0.68,4.07,2.03,0.68,1.69,3.39,0.68,1.69
23_2_2.txt,349,1.43,2.01,0.57,1.15,1.43,2.01,2.58,1.72,1.43,2.01
23_2_3.txt,294,1.02,0,2.04,1.7,1.02,0.68,0.68,2.72,4.08,0.68
23_3_1.txt,291,1.37,0.69,0,0.34,1.03,0,2.06,1.03,0,0
23_3_2.txt,164,0,0.61,2.44,1.83,1.22,0,1.22,1.83,1.83,1.22
23_3_3.txt,192,0,0,1.56,1.56,1.56,0.52,0,3.12,1.04,1.56
24_1_1.txt,264,1.89,0,0,1.14,2.65,1.52,0.76,1.89,0,1.52
24_1_2.txt,138,0,0.72,0.72,1.45,0.72,0.72,1.45,0,0.72,0
24_1_3.txt,209,0,0,0,4.78,1.91,0,0.96,0.48,1.91,3.35
24_3_1.txt,257,0.78,0,0,0,2.33,2.33,1.56,3.5,0,0
24_3_2.txt,154,1.3,0,1.3,1.3,1.95,1.3,3.25,3.9,0,0
24_3_3.txt,151,0.66,0,0,0,6.62,0.66,4.64,0,0.66,1.32
24_4_1.txt,230,0.43,0,0,2.17,2.17,0.43,1.3,0.43,0,1.3
24_4_2.txt,181,0,0.55,0.55,2.76,1.1,1.66,1.1,1.66,1.1,1.66
24_4_3.txt,202,0.5,0,0.5,2.97,1.49,2.48,0.99,4.46,0,2.48
25_1_1.txt,133,0.75,0,0,2.26,0,1.5,0,3.01,0.75,0.75
25_1_2.txt,129,0,0.78,3.88,1.55,3.88,0,2.33,0,0.78,0
25_1_3.txt,172,5.81,1.16,0,1.16,2.91,3.49,1.74,2.33,0,0.58
25_2_1.txt,218,0.92,0,0.92,3.67,2.29,1.38,0.46,2.29,1.83,2.75
25_2_2.txt,137,0,0,3.65,0.73,0.73,0.73,0,1.46,0,0.73
25_2_3.txt,192,0,0,1.04,0,0,0,0,1.56,1.04,0
25_3_1.txt,296,1.69,0,0.34,0.68,3.04,2.7,4.05,0.68,0.34,0
25_3_2.txt,142,0.7,0,0.7,0,2.11,4.23,1.41,3.52,0.7,0
25_3_3.txt,168,1.79,0,1.79,1.19,1.79,0,2.38,0,1.79,0.6
26_1_1.txt,79,12.66,2.53,2.53,0,1.27,2.53,0,1.27,2.53,0
26_1_2.txt,74,1.35,1.35,0,2.7,2.7,1.35,0,0,0,0
26_1_3.txt,47,4.26,2.13,2.13,0,2.13,4.26,0,2.13,2.13,0
26_2_1.txt,88,0,1.14,0,1.14,0,0,0,0,1.14,3.41
26_2_2.txt,64,0,0,4.69,0,1.56,3.12,0,3.12,0,0
26_2_3.txt,51,3.92,0,0,5.88,1.96,5.88,0,3.92,0,3.92
26_3_1.txt,137,0,0,2.92,0.73,0,0.73,0,1.46,0.73,0
26_3_2.txt,99,2.02,7.07,0,1.01,2.02,1.01,0,1.01,0,3.03
26_3_3.txt,210,0.48,0,0,0.95,0.95,0.48,0.48,1.43,5.71,0
26_4_1.txt,288,0.35,0.35,0,0.35,2.78,0.69,0.69,2.08,1.04,0
26_4_2.txt,276,2.17,0.36,0.72,1.09,5.43,0.36,5.07,0.72,0.72,0.36
26_4_3.txt,288,0.35,0.35,0,0.35,2.78,0.69,0.69,2.08,1.04,0
27_1_1.txt,158,2.53,0.63,0,0.63,0.63,3.16,1.9,1.27,0,0.63
27_1_2.txt,152,0.66,0,0,0,3.95,1.97,4.61,0.66,0,0
27_1_3.txt,190,1.05,0,0,1.58,1.05,0.53,1.05,1.58,0,0.53
27_2_1.txt,266,0,0,0.38,1.13,0.75,1.5,0,1.13,0.38,1.13
27_2_2.txt,153,0,0.65,0,0,1.96,4.58,0,3.92,0,0
27_2_3.txt,183,0.55,1.09,0,3.28,0,1.09,0.55,2.73,0,3.83
27_3_1.txt,163,1.84,1.84,0,0.61,1.84,0,0,0.61,0.61,0
27_3_2.txt,110,1.82,0,0.91,0,0,1.82,0.91,3.64,0.91,0
27_3_3.txt,179,0.56,0.56,0,1.68,0,1.12,0.56,1.68,1.12,0
28_1_1.txt,135,2.22,2.22,0,0.74,0.74,3.7,0.74,1.48,1.48,0.74
28_1_2.txt,141,0,0,0.71,1.42,0,0,1.42,1.42,0.71,0
28_1_3.txt,176,0.57,0,0,1.14,0.57,0,0,2.27,0,0
28_2_1.txt,141,4.96,2.13,1.42,0.71,0,0,2.13,0,0.71,0
28_2_2.txt,123,1.63,1.63,0,1.63,0.81,0,0.81,1.63,0.81,1.63
28_2_3.txt,246,0.41,0.81,0,2.44,1.22,0,0,1.22,0,2.85
28_3_1.txt,271,2.21,0,0,0.74,1.85,0.74,0,2.21,0,0.37
28_3_2.txt,144,0,0,4.17,0,0,0,0,0,0,0
28_3_3.txt,238,0,0,1.26,1.68,1.26,0.42,0.42,1.26,0.42,0
29_1_1.txt,128,0,0,0,0.78,0,2.34,0.78,2.34,0,1.56
29_1_2.txt,102,0,0,0,0.98,0.98,4.9,0.98,0,0,0
29_1_3.txt,156,0,3.21,0,1.28,0.64,1.28,0.64,0,0.64,0.64
29_2_1.txt,126,0,0,0,3.97,0,0,0,0.79,0.79,0.79
29_2_2.txt,114,0,0,4.39,0.88,0.88,0.88,1.75,0.88,0,0
29_2_3.txt,108,0.93,0,0,6.48,0,1.85,0,1.85,1.85,0
29_3_1.txt,279,0,0,0.72,2.51,0.36,1.43,1.08,1.79,0,1.08
29_3_2.txt,207,0,1.45,0,2.42,0.48,0,1.45,0,1.45,3.38
29_3_3.txt,212,0.47,0,0,0.94,0,0.47,0,0.47,5.19,1.89
3_1_1.txt,11,0,0,0,0,0,27.27,0,0,0,0
3_1_3.txt,11,0,0,0,0,0,27.27,0,9.09,0,0
3_3_1.txt,97,0,0,0,1.03,5.15,3.09,5.15,2.06,0,0
3_3_2.txt,115,0,0,0,1.74,5.22,2.61,2.61,6.09,0,0
3_3_3.txt,74,0,0,0,0,1.35,8.11,1.35,2.7,0,2.7
3_4_1.txt,21,0,0,0,0,14.29,9.52,0,4.76,0,4.76
3_4_2.txt,25,8,0,0,0,8,4,4,0,12,0
3_4_3.txt,36,0,0,0,0,0,5.56,2.78,2.78,0,0
30_1_1.txt,142,8.45,0.7,1.41,0,0,1.41,0.7,0.7,1.41,0.7
30_1_2.txt,101,13.86,5.94,0.99,1.98,3.96,0,3.96,0,2.97,0
30_1_3.txt,99,2.02,0,0,2.02,2.02,0,2.02,0,5.05,2.02
30_2_1.txt,125,0.8,0.8,0,2.4,2.4,0,0.8,1.6,0,1.6
30_2_2.txt,110,0.91,0,0.91,0.91,2.73,1.82,3.64,6.36,0.91,0
30_2_3.txt,191,1.57,0,0.52,2.09,0,2.09,0,1.57,2.09,3.14
30_3_1.txt,229,6.11,0.44,0.44,2.62,0,0.87,0,1.31,0,2.18
30_3_2.txt,85,0,1.18,1.18,1.18,2.35,0,3.53,2.35,1.18,0
30_3_3.txt,115,0.87,0,0.87,2.61,1.74,0,0.87,0.87,2.61,1.74
31_1_1.txt,87,2.3,0,0,0,0,1.15,0,2.3,0,1.15
31_1_2.txt,63,7.94,3.17,1.59,0,3.17,1.59,0,1.59,1.59,1.59
31_1_3.txt,77,2.6,3.9,0,7.79,0,0,1.3,1.3,0,2.6
31_3_1.txt,65,4.62,3.08,0,0,1.54,1.54,0,7.69,0,0
31_3_2.txt,53,1.89,0,0,3.77,0,0,0,0,0,0
31_3_3.txt,62,0,0,0,11.29,0,0,3.23,0,0,4.84
31_4_1.txt,109,0,0,0,9.17,0,0.92,0,0.92,0.92,9.17
31_4_2.txt,83,2.41,0,1.2,0,2.41,1.2,1.2,1.2,2.41,0
31_4_3.txt,82,1.22,1.22,0,2.44,0,0,0,0,2.44,1.22
32_1_1.txt,224,0,0,0.45,1.34,0.89,0.45,0.89,2.23,0.45,0.45
32_1_2.txt,99,6.06,8.08,1.01,2.02,0,2.02,1.01,3.03,0,1.01
32_1_3.txt,125,3.2,0.8,0,6.4,4,0.8,1.6,0.8,0.8,5.6
32_2_1.txt,199,0,0,0,1.01,1.51,6.03,1.01,3.02,0,0
32_2_2.txt,156,0,0,0.64,0.64,3.21,2.56,0,0.64,3.85,1.92
32_2_3.txt,148,1.35,1.35,0,0.68,2.03,4.05,0.68,1.35,0.68,0
32_3_1.txt,258,3.49,3.1,0,1.55,3.49,0.78,1.94,0.39,1.16,0.78
32_3_2.txt,197,1.52,1.52,0.51,0.51,0,3.05,0,3.05,0.51,0.51
32_3_3.txt,261,4.98,1.15,0,2.68,1.92,0.38,0.38,0.38,0.38,0.77
33_1_1.txt,105,0,0.95,0,3.81,1.9,0.95,0.95,0,0,0.95
33_1_2.txt,62,0,0,1.61,4.84,4.84,0,3.23,8.06,4.84,0
33_1_3.txt,62,0,0,0,3.23,0,1.61,1.61,1.61,1.61,1.61
34_1_1.txt,121,0.83,0.83,0.83,0.83,3.31,1.65,0.83,4.13,0.83,0.83
34_1_2.txt,84,0,0,0,0,1.19,2.38,1.19,3.57,0,1.19
34_1_3.txt,86,1.16,0,0,4.65,1.16,1.16,1.16,1.16,1.16,3.49
34_2_1.txt,168,5.36,2.98,0,0.6,0.6,1.79,0.6,0,0.6,0.6
34_2_2.txt,152,1.97,1.97,1.32,0,1.32,1.32,0.66,1.32,0,0
34_2_3.txt,232,1.29,1.72,0,2.16,0.43,0,0.86,0.86,0.86,0.43
34_5_1.txt,402,0.75,0,0.25,3.23,1.99,1.24,1.24,1.74,0.75,1.74
34_5_2.txt,228,0,0,1.75,1.75,0.44,2.19,0,1.32,0.44,0.88
34_5_3.txt,306,0,0,0.65,1.96,1.63,0.33,0.33,2.29,2.61,2.29
35_1_1.txt,87,6.9,2.3,1.15,0,2.3,2.3,0,1.15,1.15,0
35_1_2.txt,119,0.84,0,0,0.84,0.84,6.72,2.52,1.68,0,0
35_1_3.txt,128,1.56,0.78,0,3.91,1.56,2.34,1.56,0.78,1.56,3.91
35_2_1.txt,99,0,0,2.02,2.02,3.03,5.05,2.02,3.03,1.01,0
35_2_2.txt,95,2.11,0,1.05,1.05,1.05,1.05,2.11,0,0,0
35_2_3.txt,110,0,0,1.82,6.36,0.91,0.91,0,0,0,6.36
35_3_1.txt,145,1.38,0.69,0,0.69,2.07,0,0,2.76,0,0
35_3_2.txt,193,1.04,0,0.52,3.11,1.55,2.07,1.04,3.63,0.52,0.52
35_3_3.txt,169,0,0,2.37,4.73,0,4.14,0.59,3.55,1.78,2.37
36_1_1.txt,104,0.96,0,0,3.85,0.96,0,0,0,0,3.85
36_1_2.txt,60,1.67,1.67,1.67,0,0,0,0,0,3.33,6.67
36_1_3.txt,65,0,0,0,4.62,1.54,3.08,1.54,1.54,0,7.69
36_2_1.txt,133,6.02,6.02,0,1.5,0.75,4.51,6.77,1.5,0,0.75
36_2_2.txt,69,1.45,1.45,0,0,1.45,0,1.45,0,5.8,0
36_2_3.txt,86,3.49,6.98,0,4.65,1.16,4.65,1.16,3.49,2.33,0
36_3_1.txt,135,1.48,0,0,2.96,0,2.22,0,1.48,0,1.48
36_3_2.txt,75,0,0,1.33,1.33,2.67,2.67,8,2.67,1.33,1.33
36_3_3.txt,139,1.44,0,0,4.32,1.44,2.16,2.16,1.44,0.72,3.6
37_1_1.txt,122,0.82,0,0,1.64,1.64,0,1.64,0.82,0.82,1.64
37_1_2.txt,183,0,0.55,0.55,2.19,2.73,0,0,0.55,0,0.55
37_1_3.txt,131,0,0,0.76,2.29,1.53,0,2.29,0.76,7.63,0.76
37_2_1.txt,168,0.6,0.6,0.6,1.19,0,1.19,0,0.6,2.98,1.79
37_2_2.txt,130,0,0,0,1.54,1.54,0.77,2.31,2.31,0.77,1.54
37_2_3.txt,170,0,0,0,0.59,0.59,3.53,0.59,1.76,0,0.59
37_6_1.txt,222,3.6,1.35,0,0.9,1.35,0,0,0.9,0,0
37_6_2.txt,108,1.85,0,0,1.85,12.04,2.78,5.56,2.78,0,0
37_6_3.txt,182,0.55,0,1.65,4.95,1.65,2.2,1.1,2.75,2.75,4.4
38_1_1.txt,179,1.12,0,0,0.56,1.12,5.03,0.56,2.79,0,1.12
38_1_2.txt,174,1.15,0,0,0.57,9.2,3.45,4.02,2.3,0.57,2.3
38_1_3.txt,183,1.09,1.09,0.55,0.55,4.37,2.73,0.55,1.09,0,2.19
38_2_1.txt,187,1.07,0.53,0,0.53,4.28,0.53,1.07,2.14,0.53,1.07
38_2_2.txt,171,0.58,0,0,0.58,0,0.58,1.17,0.58,0,0
38_2_3.txt,172,7.56,5.81,0,0.58,0,0,0,0,0,1.16
38_3_1.txt,297,0.34,0,0,0,2.02,0.34,0.34,2.69,0,1.35
38_3_2.txt,143,0.7,0,0,0,0.7,2.8,0,1.4,2.1,0.7
38_3_3.txt,161,0,0,0.62,1.24,1.24,0.62,1.24,1.24,1.24,3.11
39_1_1.txt,130,0,0,0,0.77,0.77,2.31,0,0,0.77,0.77
39_1_2.txt,129,9.3,3.88,0,1.55,2.33,1.55,0,0,0,1.55
39_1_3.txt,125,0,0,0,0,4,1.6,0,1.6,2.4,3.2
39_2_1.txt,132,9.85,0,0,0.76,0.76,0.76,0,0.76,0,0.76
39_2_2.txt,129,0.78,0,0.78,3.1,1.55,0.78,0.78,0.78,1.55,3.1
39_2_3.txt,143,0.7,0,0.7,0.7,1.4,0.7,0.7,0,3.5,0.7
39_3_1.txt,148,4.73,1.35,0,1.35,2.7,0,2.7,2.03,0,0
39_3_2.txt,171,1.17,0,0,2.34,2.34,0,0,4.09,0.58,1.75
39_3_3.txt,166,1.2,0,1.81,1.2,1.81,1.81,0,2.41,0,1.2
40_1_1.txt,149,3.36,3.36,0.67,1.34,0.67,3.36,1.34,1.34,0.67,0
40_1_2.txt,170,2.94,2.35,0,1.76,1.76,0.59,0.59,0.59,1.18,1.18
40_1_3.txt,124,0.81,0.81,3.23,3.23,1.61,4.03,1.61,1.61,1.61,2.42
40_2_1.txt,153,1.96,2.61,0,0.65,0,1.96,0,0.65,0,1.31
40_2_2.txt,102,0,0,0.98,3.92,0,0,0,0.98,0,1.96
40_2_3.txt,179,0,0.56,3.35,3.35,0,1.12,0.56,2.79,1.12,2.79
40_3_1.txt,120,6.67,4.17,0,3.33,1.67,0,2.5,1.67,0,0
40_3_2.txt,194,2.06,2.06,1.55,2.58,1.55,0.52,1.03,2.58,1.55,2.06
40_3_3.txt,156,0,0,0,3.21,0.64,0,1.28,1.28,2.56,1.28
41_1_1.txt,199,0.5,0,0.5,5.03,1.51,0,0,0.5,0,4.52
41_1_2.txt,186,2.69,4.3,0,0,1.61,2.15,1.08,3.76,0.54,0
41_1_3.txt,162,0,0,1.85,3.09,0,0,0,1.85,0,1.23
41_2_1.txt,77,0,0,0,1.3,3.9,2.6,1.3,1.3,0,0
41_2_2.txt,105,1.9,1.9,0,0.95,0.95,0,1.9,1.9,0.95,0
41_2_3.txt,108,0,0.93,3.7,3.7,0.93,0,0,0,0,5.56
41_3_1.txt,146,0,0,0.68,0.68,3.42,0,0.68,0,0.68,0
41_3_2.txt,105,4.76,0.95,0,1.9,0.95,2.86,0.95,0.95,0,2.86
41_3_3.txt,127,0.79,0,3.15,1.57,0.79,2.36,0,0,0.79,1.57
42_1_1.txt,60,1.67,0,0,1.67,0,6.67,1.67,3.33,0,0
42_1_2.txt,41,0,0,0,2.44,0,0,0,0,0,2.44
42_1_3.txt,65,9.23,0,0,0,1.54,4.62,0,0,1.54,0
42_2_1.txt,94,5.32,4.26,2.13,1.06,0,4.26,0,2.13,1.06,2.13
42_2_2.txt,48,2.08,0,0,0,0,2.08,2.08,2.08,2.08,0
42_2_3.txt,64,0,0,1.56,1.56,0,7.81,0,3.12,1.56,1.56
42_3_1.txt,131,5.34,3.05,0,0.76,2.29,3.05,0.76,2.29,0,0.76
42_3_2.txt,89,1.12,1.12,1.12,1.12,1.12,1.12,1.12,0,1.12,2.25
42_3_3.txt,133,0.75,0,0.75,5.26,0,1.5,0.75,0.75,0.75,3.01
43_1_1.txt,129,2.33,2.33,0.78,0.78,0.78,1.55,0,0.78,0.78,0.78
43_1_2.txt,72,1.39,0,0,0,1.39,2.78,2.78,1.39,0,1.39
43_1_3.txt,115,0.87,0.87,0,0,0,0,0,0,0.87,0
43_2_1.txt,141,1.42,0,0,2.13,3.55,2.84,2.84,3.55,0,2.84
43_2_2.txt,94,6.38,8.51,0,0,1.06,1.06,1.06,2.13,0,0
43_2_3.txt,132,8.33,2.27,0.76,0.76,0.76,1.52,0,0.76,0.76,0
43_3_1.txt,205,6.83,4.88,0,0.49,0.98,0,1.46,0.49,0,0.49
43_3_2.txt,92,0,0,0,2.17,3.26,0,0,2.17,2.17,0
43_3_3.txt,193,0,0,1.04,2.59,0,0.52,0,0.52,1.55,2.07
44_1_1.txt,139,5.76,5.76,0,3.6,2.16,0,0,0.72,0,5.04
44_1_2.txt,123,8.94,9.76,0,0.81,1.63,1.63,0,0.81,0,1.63
44_1_3.txt,130,0.77,0,3.08,0.77,3.08,0.77,0,3.08,3.85,0.77
44_2_1.txt,107,0.93,0,2.8,1.87,0.93,1.87,0.93,1.87,0.93,0
44_2_2.txt,158,2.53,0.63,0,0.63,1.27,0.63,0.63,0.63,1.9,0.63
44_2_3.txt,137,0,3.65,0,1.46,0,0,0,0.73,1.46,2.19
44_3_1.txt,248,0,0.81,1.21,2.02,0.81,1.21,0.4,1.61,0.81,0.81
44_3_2.txt,157,1.91,1.91,0.64,0,1.91,0,0.64,1.91,0.64,0.64
44_3_3.txt,115,0,0,0.87,1.74,0.87,0,0.87,0,2.61,0.87
45_1_1.txt,118,0,0,0,1.69,0.85,5.93,0.85,2.54,0,0.85
45_1_2.txt,88,0,1.14,0,1.14,1.14,0,0,0,4.55,1.14
45_1_3.txt,105,1.9,0,0,5.71,0.95,0,0.95,0,1.9,0
45_2_1.txt,117,5.13,8.55,0.85,0.85,0,3.42,0,2.56,0.85,0
45_2_2.txt,129,0.78,0,0,3.88,2.33,1.55,0,0.78,0,0
45_2_3.txt,155,0.65,0.65,0.65,1.29,1.29,3.87,1.29,1.94,1.94,0
45_3_1.txt,184,2.72,1.09,1.09,0.54,3.8,1.09,1.63,1.63,4.35,0.54
45_3_2.txt,117,2.56,1.71,0,0.85,0.85,0.85,3.42,3.42,0,0.85
45_3_3.txt,127,0,0,2.36,0,1.57,3.15,0.79,1.57,3.94,0
46_1_1.txt,138,2.17,3.62,0,2.9,0.72,0.72,0,2.9,0,3.62
46_1_2.txt,143,4.9,7.69,0,2.1,2.8,2.1,1.4,0,0,2.8
46_1_3.txt,159,0,0,0.63,0,3.77,1.89,3.14,1.89,0.63,0.63
46_2_1.txt,229,0,0,0,0.87,1.31,0.87,1.75,0.87,0.87,0.87
46_2_2.txt,134,6.72,8.21,0,1.49,0.75,0.75,1.49,1.49,0,3.73
46_2_3.txt,300,0.33,0.67,0,1,4.33,1,3.67,2,1.67,0
46_3_1.txt,445,0.22,0,0.22,2.02,1.12,0,0.22,1.8,2.7,0.9
46_3_2.txt,187,0,0,1.6,2.14,0.53,1.6,0,1.07,1.6,2.14
46_3_3.txt,576,1.22,0.52,0.35,1.22,1.56,0.69,0.69,0.69,1.04,1.39
47_1_1.txt,118,1.69,0,0,0,1.69,5.08,0.85,4.24,0,0.85
47_1_2.txt,66,0,0,7.58,0,1.52,9.09,0,1.52,1.52,0
47_1_3.txt,124,0,0.81,1.61,2.42,2.42,1.61,0,0,0.81,1.61
47_3_1.txt,153,0.65,0.65,0,0.65,2.61,3.92,2.61,0.65,0,1.96
47_4_1.txt,117,2.56,0.85,0,0,1.71,2.56,2.56,5.13,0,0.85
47_4_2.txt,18,0,0,5.56,0,0,0,11.11,0,0,0
47_4_3.txt,183,0,0,0.55,1.64,0,0,0,0,6.01,1.09
47_5_1.txt,106,0,0,0,0,1.89,1.89,0,0.94,6.6,1.89
47_5_2.txt,58,0,0,3.45,0,1.72,1.72,0,0,0,1.72
47_5_3.txt,146,0,0,0,2.74,1.37,1.37,0,0.68,0,1.37
48_1_1.txt,173,5.2,3.47,0,2.31,0.58,1.16,1.73,0.58,1.16,0.58
48_1_2.txt,98,3.06,0,0,0,1.02,0,2.04,2.04,1.02,0
48_1_3.txt,173,0.58,0,0,1.16,0,0,0,0,0.58,1.16
48_2_1.txt,218,0.46,0.46,0,1.83,0,0.46,0.46,0.46,0,0.46
48_2_2.txt,33,0,0,0,0,0,0,3.03,6.06,0,0
48_2_3.txt,58,0,0,0,3.45,0,0,0,6.9,3.45,1.72
48_4_1.txt,243,0.41,0,0,0.41,2.06,0,0.41,1.65,0,0.82
48_4_2.txt,57,0,0,0,0,1.75,5.26,1.75,0,1.75,3.51
48_4_3.txt,140,0,0,0,3.57,0,0,0,0.71,1.43,0.71
49_1_1.txt,163,0,0,0,1.23,0.61,0.61,0,0,0.61,0
49_1_2.txt,76,2.63,0,0,2.63,1.32,2.63,0,0,6.58,1.32
49_1_3.txt,171,0.58,0,0,2.92,0.58,0.58,0,0.58,1.17,1.17
49_2_1.txt,123,6.5,0,1.63,0,4.07,1.63,0,0,1.63,0
49_2_2.txt,159,0,0,3.14,1.89,0,1.26,0,3.14,0.63,0.63
49_2_3.txt,192,0,0,1.56,1.56,1.04,1.56,0.52,3.12,2.6,1.04
49_3_1.txt,152,0.66,0,0,1.32,3.29,3.29,0,8.55,0,1.32
49_3_2.txt,61,0,0,3.28,1.64,1.64,0,0,0,0,1.64
49_3_3.txt,180,0,1.67,0,5.56,1.67,1.11,4.44,1.11,1.67,2.22
5_1_1.txt,17,0,0,11.76,0,0,0,0,0,0,0
5_1_2.txt,20,5,0,0,0,5,0,5,0,0,0
5_1_3.txt,12,0,0,0,8.33,0,8.33,0,8.33,0,8.33
5_2_1.txt,24,4.17,4.17,0,0,0,12.5,0,0,0,0
5_2_2.txt,27,0,0,11.11,0,0,0,0,0,3.7,0
5_2_3.txt,30,3.33,0,0,0,0,0,0,0,0,0
5_3_1.txt,18,5.56,0,0,0,5.56,0,0,0,0,0
5_3_2.txt,29,0,0,3.45,0,3.45,0,0,0,6.9,0
5_3_3.txt,16,6.25,0,0,0,0,18.75,0,0,0,0
50_1_1.txt,152,3.95,0,0,0,1.32,9.21,0,3.95,0,0
50_1_2.txt,123,1.63,0.81,2.44,2.44,1.63,3.25,0.81,1.63,3.25,0
50_1_3.txt,130,0.77,0,0.77,0.77,1.54,2.31,0.77,1.54,4.62,0
50_2_1.txt,225,6.22,1.78,0,0,0.89,4.89,1.33,3.11,0,0
50_2_2.txt,143,1.4,0,0,0,0.7,2.1,2.1,1.4,0.7,0
50_2_3.txt,198,3.54,0,1.01,6.57,2.53,1.01,1.01,1.52,1.52,4.04
50_4_1.txt,240,5.42,0.83,0.42,0,0.42,3.33,1.67,3.75,1.67,0.42
50_4_2.txt,129,0.78,0,0.78,0,0.78,0.78,0.78,0.78,1.55,0
50_4_3.txt,203,1.97,0,0,1.97,0.99,1.97,0.49,3.94,2.46,1.48
50_5_1.txt,213,3.76,0.47,0,1.88,2.35,0.94,0.94,0.47,0,0.47
50_5_2.txt,113,0,0,0,0.88,0,0,0.88,0,0,0
50_5_3.txt,178,0,0,0,2.25,0.56,1.69,0.56,2.25,1.12,0
51_1_1.txt,138,0,0,0,1.45,1.45,2.17,2.17,0.72,0,3.62
51_1_2.txt,67,0,0,0,1.49,1.49,0,0,2.99,1.49,1.49
51_1_3.txt,190,0,0,0,2.11,0.53,1.05,1.05,1.05,1.05,1.05
51_2_1.txt,130,0,0,0,4.62,0,0,0.77,0,1.54,5.38
51_2_2.txt,119,0.84,0.84,0.84,1.68,2.52,0.84,0.84,4.2,3.36,0.84
51_2_3.txt,214,0.93,0,0,1.87,0.47,0,0.47,0.47,2.8,2.34
51_3_1.txt,136,0,0,0.74,1.47,1.47,10.29,0.74,2.21,1.47,0.74
51_3_2.txt,139,0,0.72,4.32,0.72,2.16,1.44,0.72,0.72,2.16,0.72
51_3_3.txt,175,0.57,0,0,5.14,0.57,1.14,0.57,1.71,0.57,4.57
52_1_1.txt,182,3.85,0,0,0.55,1.1,0.55,1.1,1.1,0,0
52_1_2.txt,187,6.95,4.28,0,0,2.67,0.53,3.74,0,0,0.53
52_1_3.txt,175,4.57,0.57,0,0,1.14,0.57,0,0.57,0,0.57
52_2_1.txt,255,0.39,0,0,1.96,0,1.57,1.18,0.78,0,1.18
52_2_2.txt,95,0,0,2.11,0,3.16,0,2.11,4.21,3.16,0
52_2_3.txt,212,0.47,0,1.42,4.25,0.47,1.42,0.94,0.94,0,4.25
52_3_1.txt,214,0.47,0,0,2.34,1.87,0.93,0.93,0.93,0.47,1.4
52_3_2.txt,142,0.7,0,0,2.11,2.82,0.7,4.93,0.7,0.7,1.41
52_3_3.txt,78,1.28,0,2.56,0,1.28,2.56,1.28,2.56,7.69,0
53_1_1.txt,159,0.63,0,0,0.63,3.14,2.52,1.89,3.14,0,1.26
53_1_2.txt,149,0.67,1.34,0.67,0,1.34,0.67,2.01,1.34,0,0
53_1_3.txt,188,1.6,1.6,0,3.19,1.06,2.13,0,4.79,1.6,1.6
53_2_1.txt,158,1.27,0,0,6.33,0,0.63,0,0.63,0,1.27
53_2_2.txt,85,0,0,1.18,1.18,4.71,1.18,1.18,1.18,3.53,2.35
53_2_3.txt,136,0.74,0,0.74,1.47,1.47,0.74,0,2.94,1.47,0.74
53_3_1.txt,470,0.43,0.21,0.43,0.21,2.34,0.64,0.21,4.68,0.21,1.49
53_3_2.txt,124,0,0.81,2.42,0,0,0.81,0.81,0.81,0,0
53_3_3.txt,167,0.6,0,0,5.99,1.8,5.99,0,3.59,1.8,2.4
54_1_1.txt,103,2.91,0,0,0,0.97,2.91,0.97,0,0,0
54_1_2.txt,68,1.47,0,0,1.47,1.47,0,1.47,2.94,1.47,0
54_1_3.txt,62,0,0,0,6.45,1.61,0,1.61,1.61,0,4.84
54_2_1.txt,50,0,0,0,0,0,8,0,2,0,0
54_2_2.txt,52,0,1.92,0,3.85,1.92,0,0,0,0,3.85
54_2_3.txt,35,0,0,0,5.71,0,2.86,0,0,2.86,5.71
54_3_1.txt,79,3.8,0,0,1.27,1.27,1.27,1.27,1.27,0,2.53
54_3_2.txt,46,0,2.17,0,6.52,0,0,2.17,0,0,4.35
54_3_3.txt,58,0,0,0,0,0,10.34,0,3.45,0,0
54_4_1.txt,151,0.66,0,0,7.28,0,0.66,0,0,0,7.28
54_4_2.txt,102,0,0,1.96,4.9,0,0,0.98,0.98,0.98,1.96
54_4_3.txt,104,0,0,0,5.77,0.96,1.92,0.96,3.85,0,0.96
55_1_1.txt,93,2.15,0,1.08,3.23,3.23,2.15,2.15,4.3,1.08,2.15
55_1_2.txt,45,0,0,0,0,0,6.67,0,6.67,0,2.22
55_1_3.txt,59,5.08,0,6.78,0,5.08,1.69,6.78,1.69,6.78,0
55_2_1.txt,108,1.85,0,0.93,0.93,3.7,3.7,2.78,0.93,0.93,0.93
55_2_2.txt,40,0,0,2.5,0,0,7.5,0,2.5,0,0
55_2_3.txt,97,0,0,0,0,1.03,3.09,1.03,4.12,0,0
56_1_1.txt,141,0.71,0,1.42,2.13,0.71,0,0,0.71,2.13,0.71
56_1_2.txt,98,1.02,0,1.02,3.06,2.04,4.08,0,2.04,1.02,2.04
56_1_3.txt,96,1.04,0,0,4.17,0,1.04,0,1.04,8.33,3.12
56_2_1.txt,153,0,0,0,0,1.96,1.31,4.58,0.65,0,0
56_2_2.txt,147,1.36,0.68,1.36,1.36,2.04,2.04,1.36,0.68,2.04,0.68
56_2_3.txt,209,0.96,0,0.96,0.96,0,0,0.48,0,1.44,1.44
56_3_1.txt,260,1.15,0.38,0,3.46,1.92,0.77,0,2.31,0,3.46
56_3_2.txt,100,0,3,0,3,2,0,4,1,2,3
56_3_3.txt,176,0.57,0,0,2.27,1.14,0.57,0,2.84,2.27,1.7
57_1_1.txt,12,0,0,0,0,0,0,8.33,0,0,0
57_1_2.txt,12,0,0,0,0,0,0,16.67,0,0,8.33
57_1_3.txt,11,0,0,0,0,0,0,27.27,0,0,0
57_2_1.txt,14,0,0,0,0,0,7.14,0,7.14,0,0
57_2_2.txt,13,0,0,0,0,7.69,0,7.69,0,7.69,0
57_2_3.txt,37,0,0,0,8.11,0,0,0,0,0,8.11
57_4_1.txt,34,0,0,2.94,0,0,0,0,2.94,0,0
57_4_2.txt,43,0,2.33,0,0,2.33,0,0,2.33,0,4.65
57_4_3.txt,43,0,0,0,4.65,0,0,0,0,0,2.33
58_1_1.txt,154,7.79,0,0,0.65,3.9,3.9,0,1.3,0,0
58_1_2.txt,101,1.98,0,0,8.91,4.95,1.98,2.97,0,0,4.95
58_1_3.txt,78,0,0,5.13,1.28,2.56,3.85,3.85,1.28,6.41,1.28
58_2_1.txt,168,0,0,0,2.38,2.38,2.98,0,5.36,0,2.98
58_2_2.txt,80,1.25,0,5,2.5,1.25,2.5,0,1.25,1.25,2.5
58_2_3.txt,109,0.92,0,0,3.67,0.92,0.92,0,0.92,0.92,3.67
58_3_1.txt,220,0.45,0,0,0.91,1.82,0.91,0.91,2.73,0.45,0.45
58_3_2.txt,108,0,0,0,0.93,2.78,3.7,0,2.78,7.41,0.93
58_3_3.txt,155,0.65,0.65,2.58,1.94,1.29,1.29,0,1.29,3.23,1.29
59_1_1.txt,95,0,0,0,1.05,3.16,1.05,1.05,2.11,0,1.05
59_1_2.txt,106,0,0,0,0,0.94,0.94,0.94,0,1.89,0
59_1_3.txt,123,0,0,0.81,5.69,2.44,0.81,1.63,0,0.81,4.07
59_2_1.txt,130,1.54,0,0,0.77,0.77,0.77,0,1.54,0,0.77
59_2_2.txt,113,0,0,1.77,0,1.77,1.77,1.77,1.77,4.42,0.88
59_2_3.txt,155,0,0.65,0.65,0.65,0,0.65,0,0,7.74,0
59_4_1.txt,240,3.33,4.58,0,1.25,1.25,1.25,0.42,1.25,0,1.25
59_4_2.txt,114,0,0,0.88,6.14,2.63,0,7.89,0.88,0.88,0.88
59_4_3.txt,157,0.64,0.64,1.91,3.18,3.18,0.64,0,0,2.55,7.01
6_1_1.txt,131,5.34,1.53,0,0.76,0.76,0.76,0,0.76,0,0
6_1_2.txt,80,1.25,0,0,3.75,3.75,0,7.5,1.25,0,0
6_1_3.txt,120,0.83,0,0,0,2.5,1.67,3.33,1.67,0,0
6_2_1.txt,139,0,0.72,0,3.6,4.32,2.16,3.6,1.44,0,0.72
6_2_2.txt,134,0.75,0,0,5.22,1.49,3.73,2.24,1.49,0,0
6_2_3.txt,166,4.82,2.41,0,2.41,2.41,1.2,2.41,1.81,0,0.6
6_3_1.txt,111,0,0.9,0.9,0,1.8,0,2.7,0.9,0.9,1.8
6_3_2.txt,131,0,0,0,0,0,3.82,0.76,0,0,0.76
6_3_3.txt,134,0,0,0,3.73,4.48,1.49,6.72,0.75,0.75,0.75
61_1_1.txt,113,1.77,0,2.65,0,2.65,0.88,0.88,1.77,0,0.88
61_1_2.txt,38,0,0,0,0,2.63,5.26,0,5.26,2.63,0
61_1_3.txt,75,0,0,1.33,5.33,2.67,0,0,0,1.33,8
61_3_1.txt,88,0,0,0,2.27,1.14,3.41,3.41,2.27,0,0
61_3_2.txt,60,0,0,0,0,3.33,1.67,1.67,1.67,0,0
61_3_3.txt,52,0,0,1.92,5.77,0,1.92,0,0,3.85,1.92
61_6_1.txt,97,0,0,0,1.03,0,0,1.03,0,1.03,0
61_6_2.txt,77,0,0,0,0,1.3,3.9,1.3,5.19,2.6,1.3
61_6_3.txt,82,0,0,3.66,2.44,1.22,0,0,0,4.88,0
62_1_1.txt,127,7.09,0,0.79,0,0.79,0,0,0,0.79,0.79
62_1_2.txt,88,5.68,2.27,0,0,1.14,0,1.14,0,1.14,0
62_1_3.txt,178,1.12,0,0,3.37,1.12,2.81,0.56,2.81,1.69,2.25
62_2_1.txt,125,0,0,0,0.8,1.6,0,1.6,0,0.8,0.8
62_2_2.txt,152,0.66,0.66,0,0,0,0,0,0,0,0.66
62_2_3.txt,292,0,0.34,0.34,1.71,0.68,1.03,1.03,0.68,1.37,1.03
62_3_1.txt,130,6.15,6.92,0,3.08,1.54,0.77,2.31,0.77,0,2.31
62_3_2.txt,161,0.62,0.62,0,1.86,0,0,0.62,0,0,1.24
62_3_3.txt,275,0.36,1.09,0,2.55,0.73,0.36,1.09,0.36,0.36,2.18
63_1_1.txt,116,5.17,4.31,0,0.86,1.72,1.72,2.59,0.86,0,0
63_1_2.txt,108,0,0,0,0,1.85,4.63,0,3.7,0.93,0
63_1_3.txt,134,1.49,0.75,0,0,2.24,0.75,1.49,0.75,1.49,0
63_2_1.txt,300,1.67,1,0.67,1.67,1.33,1,1.33,2,0,1
63_2_2.txt,131,1.53,0,0,0,1.53,0.76,1.53,0.76,0,0
63_2_3.txt,132,1.52,0,0,3.79,1.52,0,2.27,0,0,3.03
63_3_1.txt,239,0.42,0,0.84,0.42,3.35,2.93,0.84,2.93,0.42,2.09
63_3_2.txt,195,2.05,0,1.03,1.54,2.05,1.54,0.51,2.56,2.56,0
63_3_3.txt,354,1.41,0.85,0,1.98,1.41,0.85,0.85,1.41,0.28,1.98
64_1_1.txt,214,2.8,0.47,0,0.93,0,1.87,0.93,0.93,0,0
64_1_2.txt,225,1.33,0.44,0,2.22,2.22,0.44,0,1.78,0.89,0.89
64_1_3.txt,235,0.85,1.28,1.7,4.68,0.85,0.43,1.28,1.28,0.85,3.83
64_2_1.txt,145,0.69,0.69,1.38,2.07,0.69,0,2.07,0,0,2.07
64_2_2.txt,235,0.43,0,0,0.43,0.85,2.13,0.43,1.7,0.85,0
64_2_3.txt,292,1.03,0.68,0.34,2.74,3.08,0.68,0.68,2.4,0.68,3.42
64_3_1.txt,104,0.96,0,0,0,1.92,0,0,4.81,0,0.96
64_3_2.txt,140,0.71,0.71,0,1.43,0.71,0,0.71,2.14,0,0
64_3_3.txt,201,0,0,1.99,1.49,1,0.5,0.5,1.49,0,1.49
65_1_1.txt,125,0.8,0,0,0,2.4,1.6,0.8,1.6,0,0
65_1_2.txt,93,0,0,2.15,1.08,3.23,3.23,0,2.15,3.23,0
65_1_3.txt,113,0.88,0,0,1.77,0.88,0,0.88,1.77,0.88,0
66_1_1.txt,355,0.85,0,0.28,0.85,1.41,2.25,0.28,0.85,0.28,0.56
66_1_2.txt,223,0,0.45,4.04,2.24,1.35,0.9,0.45,0,4.48,3.14
66_1_3.txt,347,0,0,0,1.44,1.44,2.02,0.29,0.86,1.15,2.02
66_2_1.txt,325,0,0,0.92,0.31,1.85,1.54,0,2.15,3.38,0.92
66_2_2.txt,288,1.74,0,0,0.35,2.43,3.47,0.69,3.82,0.69,0.35
66_2_3.txt,428,0.7,0,2.8,0.93,0.23,1.17,0.23,0.47,0.7,0.23
66_3_1.txt,406,3.69,2.96,0.49,0.49,1.97,2.22,1.23,2.22,0.25,1.23
66_3_2.txt,343,0.58,1.17,2.62,0,0.87,1.46,1.46,1.75,0.29,1.46
66_3_3.txt,402,2.24,0,0,1.24,3.23,2.49,2.99,2.49,0.25,0.25
67_1_1.txt,168,4.17,2.38,0,0,0.6,0,0,0.6,0,0
67_1_2.txt,94,7.45,0,0,0,1.06,2.13,5.32,1.06,0,0
67_1_3.txt,125,0,0,0,1.6,2.4,0.8,0,1.6,3.2,0.8
67_2_1.txt,142,0.7,0,0,0.7,1.41,5.63,0.7,4.23,0.7,0
67_2_2.txt,136,0,2.21,0,0.74,2.21,2.94,0,5.15,2.94,0
67_2_3.txt,114,0.88,0,0,0.88,2.63,0.88,0,1.75,4.39,0
67_3_1.txt,141,0,0,2.13,0,0.71,3.55,0,4.96,0,0
67_3_2.txt,117,0,0,1.71,0.85,1.71,5.13,0,3.42,1.71,1.71
67_3_3.txt,99,2.02,0,2.02,3.03,2.02,2.02,1.01,2.02,3.03,1.01
69_1_1.txt,62,4.84,3.23,0,0,3.23,8.06,0,3.23,0,0
69_1_2.txt,74,2.7,2.7,1.35,1.35,0,0,0,0,2.7,0
69_1_3.txt,126,5.56,0.79,0.79,2.38,0,0.79,1.59,0,1.59,0.79
69_2_2.txt,80,0,0,0,0,3.75,1.25,1.25,1.25,1.25,0
69_2_3.txt,60,1.67,0,0,0,5,1.67,1.67,3.33,3.33,0
69_3_1.txt,79,0,0,0,2.53,0,1.27,0,2.53,5.06,3.8
69_4_1.txt,157,0,0,0,1.27,3.18,1.91,0.64,0.64,3.18,1.27
69_4_2.txt,72,0,0,4.17,5.56,1.39,1.39,1.39,0,1.39,2.78
69_4_3.txt,134,2.24,0.75,0,2.24,2.24,4.48,1.49,4.48,1.49,2.24
7_1_1.txt,214,2.34,1.87,0,1.87,1.4,0.93,0,1.87,0,1.4
7_1_2.txt,179,0.56,0,0,1.12,0.56,1.68,0,3.35,0,1.68
7_1_3.txt,194,2.58,0,0,1.03,1.55,1.03,0.52,1.55,0,0
7_2_1.txt,203,3.94,1.97,0.49,0.99,1.48,0.99,0,0.49,0.49,0.49
7_2_2.txt,184,1.09,0,0,1.09,2.17,0,1.63,1.09,0,1.63
7_2_3.txt,257,1.17,0.39,0.78,0,1.56,2.33,0,2.72,0,0.39
7_3_1.txt,61,3.28,0,0,0,1.64,4.92,0,1.64,1.64,0
7_3_2.txt,129,0.78,0.78,0,0,0,1.55,0,1.55,0.78,0
7_3_3.txt,97,6.19,1.03,0,0,1.03,0,1.03,2.06,0,0
70_1_1.txt,140,0,0,0,1.43,1.43,1.43,1.43,0,2.14,0
70_1_2.txt,91,1.1,1.1,0,1.1,1.1,5.49,0,5.49,1.1,1.1
70_1_3.txt,194,0.52,0,1.03,0.52,1.03,0.52,0,1.03,1.03,2.06
70_2_1.txt,147,1.36,1.36,0,0.68,3.4,0.68,1.36,4.08,0,0.68
70_2_2.txt,64,0,0,0,0,4.69,1.56,4.69,3.12,1.56,0
70_2_3.txt,78,0,1.28,1.28,5.13,1.28,0,2.56,0,6.41,3.85
71_1_1.txt,141,9.93,1.42,0,0,1.42,0.71,0,0,0,0
71_1_2.txt,89,1.12,0,0,4.49,1.12,0,3.37,2.25,1.12,4.49
71_1_3.txt,108,0.93,0,0,9.26,0.93,3.7,0.93,0,0.93,4.63
71_2_1.txt,169,1.78,0,0,8.88,0.59,0,0,0,0,7.1
71_2_2.txt,78,1.28,0,0,3.85,3.85,3.85,0,5.13,1.28,2.56
71_2_3.txt,95,0,1.05,1.05,4.21,2.11,5.26,1.05,2.11,4.21,2.11
71_3_1.txt,171,0,0,0.58,1.75,1.17,1.17,3.51,1.17,1.17,0.58
71_3_2.txt,116,3.45,1.72,0,0.86,1.72,2.59,3.45,1.72,0,0.86
71_3_3.txt,116,0.86,0.86,0,6.9,0.86,0,0.86,0,1.72,0.86
72_1_1.txt,61,3.28,0,0,0,0,0,0,0,0,0
72_1_2.txt,81,9.88,7.41,0,2.47,2.47,1.23,1.23,0,0,3.7
72_1_3.txt,72,4.17,0,2.78,2.78,1.39,5.56,1.39,4.17,0,1.39
72_2_1.txt,154,2.6,0.65,0.65,2.6,3.25,1.3,1.3,1.95,1.3,1.95
72_2_2.txt,108,1.85,0.93,0.93,0,0.93,1.85,3.7,4.63,0.93,0
72_2_3.txt,110,3.64,0.91,0,1.82,4.55,2.73,0,1.82,2.73,0.91
72_3_1.txt,129,0.78,0,0,3.1,0,0,0,0,0,4.65
72_3_2.txt,53,0,0,7.55,3.77,0,0,1.89,0,3.77,1.89
72_3_3.txt,102,1.96,0,0,2.94,1.96,0.98,0.98,0,0.98,1.96
73_1_1.txt,132,0,0,0.76,3.03,3.79,2.27,0.76,1.52,0,0
73_1_2.txt,98,2.04,0,1.02,1.02,4.08,1.02,1.02,2.04,1.02,0
73_1_3.txt,134,1.49,0.75,0,5.22,0,5.22,0.75,2.24,0.75,1.49
73_2_1.txt,165,1.21,0,1.21,0.61,0,2.42,0,3.03,0.61,0.61
73_2_2.txt,130,3.08,0.77,0.77,0.77,1.54,0,2.31,0.77,0.77,1.54
73_2_3.txt,136,0.74,1.47,0,5.88,1.47,2.21,0,0.74,0.74,0.74
73_3_1.txt,328,0.61,0,1.22,3.66,0.61,0.3,2.44,1.52,0.61,0.3
73_3_2.txt,231,0.87,0,0.43,0.87,1.3,1.73,1.3,1.73,0,2.16
73_3_3.txt,338,0.3,0,0.59,0.89,1.18,1.78,0.89,2.66,1.48,0.59
74_1_1.txt,98,4.08,0,0,4.08,5.1,2.04,1.02,1.02,0,3.06
74_1_2.txt,76,2.63,0,2.63,1.32,2.63,6.58,2.63,3.95,1.32,0
74_1_3.txt,90,4.44,2.22,0,1.11,1.11,2.22,0,2.22,1.11,0
74_2_1.txt,98,9.18,4.08,0,1.02,2.04,0,0,0,0,4.08
74_2_2.txt,76,2.63,1.32,5.26,0,1.32,1.32,2.63,0,0,0
74_2_3.txt,92,1.09,1.09,0,3.26,6.52,5.43,3.26,4.35,1.09,2.17
74_3_1.txt,123,0.81,0,0,1.63,2.44,4.88,0.81,2.44,0,1.63
74_3_2.txt,101,0,0,2.97,0.99,0,0,0.99,1.98,0,0
74_3_3.txt,178,0.56,0,0,1.12,1.12,1.69,0.56,2.25,0.56,1.12
75_1_1.txt,247,0.4,1.21,0,2.43,3.24,0,1.21,0.81,0,1.21
75_1_2.txt,131,0,0,0,0,3.82,0,0.76,0.76,0,0
75_1_3.txt,210,0.48,0,0,0.48,1.43,0,0.48,0,0,1.9
75_2_1.txt,92,8.7,2.17,0,0,1.09,0,0,1.09,0,0
75_2_2.txt,94,0,0,0,1.06,0,0,1.06,2.13,0,2.13
75_2_3.txt,181,0,0.55,1.1,2.76,0.55,0.55,0.55,0.55,2.76,1.66
75_3_1.txt,233,0,0.86,0.43,2.58,1.29,0,0.86,0.86,0.43,2.58
75_3_2.txt,110,0.91,0,0,0,2.73,0.91,1.82,4.55,0,0
75_3_3.txt,202,0.5,0.5,0.5,1.49,3.47,0.99,0.5,1.98,1.49,0.99
76_1_1.txt,46,0,0,0,2.17,0,8.7,2.17,2.17,0,2.17
76_1_2.txt,41,0,0,9.76,0,2.44,0,2.44,0,0,0
76_1_3.txt,42,4.76,2.38,0,0,0,0,0,4.76,0,0
76_2_1.txt,53,0,0,0,0,1.89,7.55,0,3.77,0,0
76_2_2.txt,34,0,0,2.94,0,0,0,0,0,0,0
76_2_3.txt,49,0,2.04,0,6.12,0,0,0,2.04,0,4.08
76_3_1.txt,59,6.78,6.78,0,0,0,5.08,0,0,0,0
76_3_2.txt,47,0,0,0,0,6.38,0,4.26,12.77,0,0
76_3_3.txt,51,1.96,0,0,0,3.92,1.96,1.96,9.8,3.92,0
77_1_1.txt,54,1.85,0,0,0,9.26,0,5.56,1.85,0,1.85
77_1_2.txt,36,2.78,2.78,0,0,0,0,2.78,0,5.56,2.78
77_1_3.txt,44,0,0,2.27,0,0,2.27,0,4.55,4.55,0
77_3_1.txt,118,0.85,0,1.69,0,0.85,0.85,0,0,0,0
77_3_2.txt,67,0,0,0,0,1.49,1.49,0,4.48,1.49,0
77_3_3.txt,80,0,0,2.5,1.25,0,1.25,0,3.75,3.75,1.25
77_4_1.txt,124,4.03,2.42,0,1.61,1.61,3.23,0,0,0.81,0
77_4_2.txt,100,0,2,1,0,1,0,0,0,1,0
77_4_3.txt,105,0,0,0,3.81,1.9,1.9,0,1.9,0.95,0.95
78_1_1.txt,107,0,2.8,0,0.93,0.93,0.93,0.93,1.87,1.87,0.93
78_1_2.txt,86,0,0,0,3.49,1.16,4.65,1.16,1.16,2.33,2.33
78_1_3.txt,160,0,0,1.25,3.12,0,1.88,0.62,1.88,1.88,3.12
79_1_1.txt,97,0,0,0,1.03,1.03,0,0,0,0,1.03
79_1_2.txt,90,5.56,3.33,1.11,0,1.11,2.22,0,1.11,2.22,0
79_1_3.txt,73,2.74,0,0,2.74,2.74,0,5.48,0,6.85,0
79_2_1.txt,146,0,0,0.68,0.68,1.37,2.74,0,8.22,0.68,0.68
79_2_2.txt,150,0,0,2,1.33,0,0,0,1.33,0.67,2
79_2_3.txt,130,3.08,1.54,1.54,2.31,2.31,0,0.77,0.77,6.15,1.54
79_4_1.txt,222,0.45,0.9,0.9,1.8,1.35,1.35,2.7,2.25,1.35,1.8
79_4_2.txt,196,1.53,0,1.53,0.51,4.08,1.02,3.57,5.61,1.53,1.02
79_4_3.txt,200,0.5,0.5,0,6.5,1,3.5,0,2,1,5.5
8_1_1.txt,53,0,0,0,0,5.66,0,1.89,0,0,1.89
8_1_2.txt,28,0,3.57,0,0,7.14,7.14,7.14,7.14,0,0
8_1_3.txt,56,0,0,0,3.57,3.57,3.57,1.79,3.57,3.57,0
8_2_1.txt,49,0,0,0,2.04,6.12,4.08,2.04,2.04,0,2.04
8_2_2.txt,44,0,0,0,0,2.27,2.27,0,2.27,0,0
8_2_3.txt,55,0,0,1.82,1.82,3.64,1.82,3.64,1.82,1.82,0
8_3_1.txt,24,0,4.17,0,0,0,4.17,0,4.17,0,0
8_3_2.txt,15,0,0,6.67,0,6.67,0,0,6.67,0,0
8_3_3.txt,45,0,0,4.44,2.22,2.22,0,0,6.67,2.22,0
80_1_1.txt,158,1.9,1.27,1.27,1.9,0,1.9,1.27,1.27,0,0
80_1_2.txt,119,1.68,0.84,0,1.68,3.36,3.36,3.36,1.68,0.84,0.84
80_1_3.txt,129,0.78,0,0.78,6.98,0,0,0,1.55,1.55,2.33
80_2_1.txt,146,1.37,1.37,0,1.37,0.68,2.05,0,3.42,0,1.37
80_2_2.txt,128,1.56,2.34,0.78,0,0.78,1.56,3.91,0.78,0.78,0.78
80_2_3.txt,165,1.21,0,1.82,7.27,1.21,1.82,0,5.45,1.21,3.64
80_3_1.txt,180,0,0.56,0,2.22,3.33,3.33,1.11,2.78,0.56,2.78
80_3_2.txt,166,0.6,0.6,0,1.2,0,1.2,0.6,1.2,0.6,0.6
80_3_3.txt,147,0.68,0.68,6.8,4.76,2.04,0.68,0,0,4.08,3.4
81_1_1.txt,214,7.01,5.61,0.47,2.34,0.47,3.27,0.93,1.87,0.93,0.47
81_1_2.txt,175,0.57,0,0,0.57,2.29,2.86,0.57,4,0.57,0
81_1_3.txt,233,0,0,0.86,0,1.72,0.43,0.43,1.72,0,0
81_2_1.txt,145,6.9,6.21,0,2.76,0.69,3.45,2.07,1.38,0,2.07
81_2_2.txt,90,0,0,3.33,2.22,1.11,0,0,0,1.11,3.33
81_2_3.txt,186,1.61,0.54,2.69,2.69,0.54,0,0.54,0,0.54,1.08
81_3_1.txt,291,0.69,0,0,3.09,2.06,0,2.41,2.06,0.34,2.06
81_3_2.txt,108,0,2.78,2.78,0.93,0.93,2.78,0,0.93,0.93,0.93
81_3_3.txt,293,0.68,0.68,0,1.02,1.02,0,1.02,0,1.71,0.68
82_1_1.txt,90,0,0,0,0,0,4.44,0,4.44,0,0
82_1_2.txt,75,0,0,0,0,5.33,1.33,0,2.67,0,0
82_1_3.txt,70,4.29,0,1.43,0,1.43,0,2.86,0,4.29,0
82_2_1.txt,118,5.93,7.63,0,0,0.85,0,0,0,0,0
82_2_2.txt,100,2,0,1,0,0,0,2,0,1,0
82_2_3.txt,118,0.85,2.54,0.85,2.54,4.24,0.85,0,0.85,0,0.85
82_3_1.txt,193,1.55,0,0,2.07,0.52,0,0.52,0,1.55,0
82_3_2.txt,103,0,0.97,2.91,1.94,0,0,0,0,0,2.91
82_3_3.txt,181,1.66,0,0,0.55,1.1,0.55,0,2.21,0,0.55
83_1_1.txt,75,0,0,8,1.33,2.67,2.67,0,2.67,2.67,2.67
83_1_2.txt,104,0.96,1.92,0,0,0,0,0,1.92,0,1.92
83_1_3.txt,92,1.09,0,0,2.17,0,3.26,0,5.43,0,2.17
83_2_1.txt,120,3.33,0,1.67,0,0.83,0.83,0.83,0,1.67,0.83
83_2_2.txt,122,0.82,1.64,0.82,0,2.46,0.82,0,0,1.64,0.82
83_2_3.txt,133,0.75,0.75,0.75,2.26,2.26,1.5,0,1.5,5.26,0.75
83_3_1.txt,205,0.49,0,0,0.49,0.98,4.39,0,0.98,0,0.49
83_3_2.txt,145,0,0,5.52,1.38,0,1.38,0,0,0.69,2.76
83_3_3.txt,246,0.81,0.41,0,0.41,0.41,0.41,0,2.03,0.41,0.81
84_1_1.txt,76,6.58,1.32,0,2.63,3.95,2.63,2.63,0,0,3.95
84_1_2.txt,62,0,0,4.84,0,3.23,1.61,0,0,0,0
84_1_3.txt,194,0.52,0,0,3.09,0,1.55,1.55,1.55,0,0.52
84_2_1.txt,174,5.17,5.75,0,2.3,0.57,0,0,1.15,0,1.15
84_2_2.txt,82,0,0,4.88,2.44,3.66,0,1.22,0,2.44,4.88
84_2_3.txt,212,0,0,1.89,2.36,0.94,0.94,0,0.47,0,3.77
84_3_1.txt,144,0,0,0,0,2.08,2.08,0.69,4.17,0,0
84_3_2.txt,109,0,0,5.5,2.75,0.92,0.92,2.75,0,1.83,1.83
84_3_3.txt,316,0,0,0.63,4.11,1.58,0.32,2.85,0.63,0.95,0.63
9_1_1.txt,74,9.46,1.35,0,0,1.35,1.35,0,4.05,0,0
9_1_2.txt,74,2.7,2.7,0,0,0,1.35,0,0,0,0
9_1_3.txt,124,2.42,0,0.81,0,0,0.81,0,0,4.03,0
9_2_1.txt,146,6.16,4.11,0,0.68,0.68,0.68,0,2.05,0,0.68
9_2_2.txt,73,0,0,0,0,0,0,1.37,0,0,0
9_2_3.txt,138,0,0,0.72,2.9,1.45,0.72,1.45,1.45,2.17,0.72
9_3_1.txt,122,4.1,0,0,0.82,1.64,2.46,2.46,0.82,1.64,0.82
9_3_2.txt,149,0,0,2.68,2.01,0.67,2.68,2.01,0.67,0.67,0.67
9_3_3.txt,271,0,0,1.11,1.48,0.74,0.74,0.74,1.11,0.37,0.37
