Filename,WC,RC6,RC2,RC1,RC7,RC3,RC4,RC8,RC5,RC9,RC10
1074_200518_1526.txt,61,0,0,0,1.64,1.64,0,0,8.2,0,0
1074_180518_1942.txt,95,1.05,0,1.05,1.05,0,0,2.11,2.11,2.11,0
1074_210518_1031.txt,76,0,0,3.95,2.63,0,0,3.95,0,0,0
1076_100518_1337.txt,85,0,0,0,1.18,1.18,0,3.53,7.06,0,0
1076_100518_1546.txt,73,1.37,0,1.37,0,1.37,1.37,2.74,8.22,0,1.37
1076_100518_1638.txt,59,3.39,1.69,1.69,0,0,0,1.69,3.39,0,0
1074_180518_1307.txt,124,4.03,0,0.81,0.81,1.61,1.61,0.81,2.42,2.42,1.61
1076_100518_1721.txt,60,1.67,1.67,0,0,1.67,0,1.67,3.33,5,1.67
1076_180518_1346.txt,73,2.74,1.37,0,0,6.85,0,0,4.11,1.37,4.11
1073_120518_1350.txt,96,3.13,0,0,0,2.08,0,0,2.08,0,1.04
1076_140518_1523.txt,40,0,0,0,0,0,0,2.5,0,0,0
1073_120518_1047.txt,53,5.66,0,1.89,0,3.77,1.89,0,1.89,0,1.89
1073_120518_1413.txt,101,2.97,0,2.97,0,2.97,1.98,0,1.98,0.99,1.98
1073_130518_1537.txt,100,1,0,4,0,2,0,1,0,1,1
1073_190518_1040.txt,112,1.79,0,0.89,0,1.79,0.89,0,0,2.68,1.79
1074_080518_2157.txt,127,0.79,0,2.36,1.57,0.79,0,3.15,1.57,0,0
1073_160518_1145.txt,131,3.82,0,2.29,0.76,2.29,0,2.29,0,0.76,0.76
1074_080518_1147.txt,128,0.78,0,1.56,0,2.34,0.78,0,0,0.78,0.78
1074_100518_1027.txt,78,2.56,0,1.28,0,1.28,2.56,3.85,0,1.28,0
1074_100518_1821.txt,92,1.09,0,3.26,0,1.09,4.35,2.17,0,1.09,0
1074_120518_1613.txt,107,3.74,0,0.93,0,1.87,2.8,0,0.93,1.87,0
1074_130518_1737.txt,56,1.79,0,3.57,0,0,5.36,0,0,1.79,0
1074_110518_1318.txt,71,2.82,0,1.41,1.41,0,2.82,0,1.41,1.41,0
1074_120518_2030.txt,43,2.33,0,0,0,4.65,4.65,0,2.33,2.33,0
1074_130518_2048.txt,105,0,0.95,0.95,0.95,2.86,0.95,0,0,2.86,1.9
1074_140518_1209.txt,99,0,0,2.02,0,0,3.03,1.01,0,2.02,0
1074_170518_1024.txt,65,0,0,0,0,0,1.54,6.15,1.54,1.54,0
1003_170418_1817.txt,97,0,0,1.03,0,1.03,0,3.09,0,4.12,2.06
1074_140518_2013.txt,58,3.45,0,3.45,0,0,6.9,0,0,1.72,0
1074_170518_1558.txt,120,0.83,0,0.83,0,0.83,0,1.67,1.67,1.67,0
1003_170418_1849.txt,150,0,0,0,1.33,3.33,0,0,2,0.67,0.67
1074_150518_1953.txt,128,0.78,0,0.78,2.34,0,0.78,0.78,0,2.34,0
1003_170418_1204.txt,183,1.09,0,0,1.64,0,1.09,1.09,1.09,0.55,0.55
1003_170418_2045.txt,73,0,0,1.37,0,0,0,0,0,0,0
1074_160518_1933.txt,100,1,1,2,0,1,1,4,1,3,1
1003_170418_1311.txt,149,1.34,0,0.67,0,3.36,0,0,2.68,1.34,2.01
1003_180418_1024.txt,130,1.54,0,0,0,3.85,0,1.54,0,0,1.54
1003_190418_1049.txt,129,0,0,1.55,0.78,0.78,0,6.2,0,0.78,0
1003_190418_1708.txt,92,0,0,0,0,2.17,0,0,4.35,2.17,0
1003_180418_1124.txt,123,2.44,2.44,0.81,0,0,0.81,1.63,0,0,0.81
1003_190418_1134.txt,42,0,0,0,0,0,0,7.14,0,0,0
1003_190418_1825.txt,103,0,0,0,0,0,0.97,1.94,0.97,0,0
1003_180418_1219.txt,93,3.23,0,0,1.08,2.15,1.08,1.08,1.08,2.15,4.3
1003_190418_1522.txt,53,5.66,5.66,3.77,0,1.89,0,0,0,0,1.89
1003_190418_2019.txt,62,0,0,1.61,1.61,3.23,0,0,4.84,0,0
1003_200418_1108.txt,90,1.11,1.11,0,0,0,0,1.11,0,1.11,0
1003_190418_1706.txt,143,0,0,0,0,2.1,0,0.7,0.7,0.7,0
1003_190418_2128.txt,53,0,0,1.89,0,3.77,0,0,3.77,0,0
1003_200418_2135.txt,87,0,0,0,1.15,2.3,0,2.3,1.15,0,0
1003_210418_1938.txt,49,0,0,2.04,4.08,0,0,0,0,2.04,0
1003_220418_1305.txt,59,0,0,0,1.69,1.69,0,0,1.69,0,0
1003_210418_1809.txt,112,0,0,2.68,0,2.68,2.68,0,0.89,0,0
1003_210418_2112.txt,85,1.18,0,0,0,2.35,0,2.35,2.35,0,0
1003_220418_1544.txt,72,0,0,0,1.39,1.39,0,0,4.17,0,0
1003_210418_1854.txt,57,0,0,0,1.75,7.02,0,0,3.51,0,0
1003_220418_1019.txt,120,0,0,0,0.83,3.33,0.83,3.33,4.17,0,0
1003_220418_1600.txt,38,0,0,5.26,0,0,0,0,0,0,0
1003_220418_2015.txt,51,0,0,0,0,3.92,0,1.96,0,0,0
1003_220418_1154.txt,69,0,0,0,2.9,4.35,0,0,2.9,0,0
1003_220418_1623.txt,50,0,0,0,0,6,2,0,6,2,2
1003_230418_1011.txt,86,0,0,2.33,1.16,2.33,2.33,2.33,3.49,1.16,0
1003_230418_1500.txt,63,0,0,0,1.59,1.59,0,0,3.17,0,0
1003_250418_1121.txt,58,0,0,1.72,0,1.72,3.45,0,0,3.45,0
1003_230418_1227.txt,92,0,0,0,2.17,2.17,0,0,2.17,3.26,0
1003_230418_1954.txt,65,3.08,0,0,3.08,0,0,3.08,0,0,0
1003_250418_1240.txt,62,0,1.61,0,1.61,4.84,0,0,4.84,1.61,1.61
1003_230418_1404.txt,108,0,0,0,0,0.93,0,0.93,0,0.93,0
1003_240418_1147.txt,131,3.82,2.29,0,0.76,0,0,2.29,0,0,0
1003_250418_1342.txt,92,2.17,1.09,2.17,0,0,2.17,1.09,0,1.09,1.09
1003_260418_2050.txt,99,0,0,0,1.01,0,2.02,1.01,1.01,1.01,0
1003_240418_1249.txt,49,2.04,0,0,0,0,0,0,0,0,2.04
1003_250418_1909.txt,90,1.11,1.11,0,1.11,1.11,0,0,1.11,1.11,1.11
1003_270418_1131.txt,104,2.88,2.88,0.96,0,0,0.96,4.81,0,0,0
1003_240418_1635.txt,80,1.25,0,0,0,0,0,2.5,0,1.25,0
1003_250418_2029.txt,99,0,0,0,0,1.01,0,0,1.01,1.01,0
1003_270418_1219.txt,56,0,0,0,1.79,3.57,0,1.79,5.36,0,0
1003_240418_1850.txt,73,0,0,0,4.11,1.37,0,2.74,1.37,0,0
1003_250418_2159.txt,78,0,1.28,1.28,0,1.28,2.56,1.28,0,3.85,1.28
1003_270418_1641.txt,112,0,0,0,0,1.79,0.89,0.89,1.79,0,0
1003_240418_2124.txt,64,1.56,0,0,0,3.13,0,1.56,3.13,0,3.13
1003_260418_1006.txt,89,0,0,2.25,0,3.37,2.25,2.25,2.25,2.25,0
1003_270418_1710.txt,68,0,0,0,1.47,0,0,4.41,0,0,0
1003_250418_1051.txt,121,0.83,0,1.65,2.48,2.48,0.83,3.31,3.31,0.83,0
1003_260418_1819.txt,179,1.12,1.12,1.68,0.56,2.79,1.68,1.68,2.23,2.23,0
1003_280418_2023.txt,108,0,0,0.93,0.93,0,0,0.93,0.93,0,0
1003_300418_1135.txt,101,0,0,0.99,0.99,0.99,0,3.96,0,0,0
1004_200418_1544.txt,111,6.31,4.5,2.7,0,4.5,0,0.9,3.6,0.9,1.8
1003_290418_1057.txt,127,0,0.79,1.57,0.79,0,0,4.72,0,0,0.79
1004_170418_1203.txt,28,0,0,0,0,7.14,0,0,3.57,7.14,3.57
1004_200418_2049.txt,35,0,0,5.71,5.71,0,0,11.43,2.86,0,0
1003_290418_1206.txt,79,1.27,0,1.27,0,1.27,0,1.27,1.27,1.27,0
1004_170418_1324.txt,47,2.13,0,2.13,2.13,2.13,0,0,0,0,2.13
1004_210418_1037.txt,54,0,0,3.7,0,1.85,0,0,0,3.7,1.85
1004_170418_2059.txt,25,0,0,0,4,12,0,0,8,0,0
1004_210418_1204.txt,29,0,0,0,0,0,0,0,3.45,0,0
1004_220418_1757.txt,27,0,0,0,3.7,7.41,0,0,3.7,11.11,0
1004_190418_1046.txt,98,1.02,0,1.02,1.02,1.02,0,1.02,5.1,0,1.02
1004_210418_1856.txt,70,0,0,1.43,0,0,0,0,1.43,0,0
1004_220418_2006.txt,56,0,0,1.79,1.79,1.79,0,3.57,5.36,1.79,0
1004_210418_2034.txt,104,0,0,0.96,0,0.96,0,0,2.88,1.92,0.96
1004_190418_1658.txt,32,0,0,0,3.13,0,0,0,3.13,0,0
1004_250418_1051.txt,48,2.08,0,0,0,2.08,2.08,0,2.08,4.17,2.08
1004_200418_1159.txt,29,10.34,6.9,6.9,0,3.45,0,0,0,3.45,3.45
1004_220418_1045.txt,41,0,0,4.88,2.44,0,0,4.88,0,2.44,2.44
1004_260418_1759.txt,112,1.79,0.89,0.89,0.89,0.89,0.89,0.89,0,1.79,0
1004_250418_2130.txt,88,1.14,0,1.14,0,1.14,0,0,0,3.41,1.14
1007_170418_1440.txt,125,0.8,0.8,1.6,3.2,1.6,2.4,0.8,5.6,0.8,1.6
1004_280418_1118.txt,32,0,0,0,0,0,0,0,0,0,0
1004_260418_1042.txt,84,0,0,1.19,0,0,0,0,0,2.38,0
1007_170418_2002.txt,139,0.72,0,1.44,0.72,1.44,0.72,2.88,1.44,0.72,0.72
1004_290418_1244.txt,49,0,0,2.04,0,4.08,0,2.04,0,2.04,0
1007_190418_1247.txt,144,2.78,1.39,2.08,0,3.47,0,1.39,0.69,1.39,1.39
1007_170418_2139.txt,109,0,0,0.92,1.83,0.92,0,5.5,5.5,0,0
1004_300418_1125.txt,48,2.08,0,2.08,0,0,2.08,0,0,4.17,0
1007_190418_1348.txt,146,2.05,2.05,1.37,1.37,0.68,0,0.68,2.05,0.68,1.37
1007_180418_1728.txt,120,0.83,0,2.5,1.67,3.33,0.83,3.33,5.83,0,0
1007_190418_1547.txt,138,2.9,2.9,0,0,0.72,0.72,0,0,0,0
1007_180418_1914.txt,125,0.8,0,4,1.6,1.6,0,1.6,1.6,1.6,0
1007_190418_1617.txt,69,0,0,2.9,2.9,1.45,0,1.45,4.35,0,0
1007_180418_2003.txt,130,0,0,0,0.77,2.31,0.77,4.62,2.31,3.08,0
1007_190418_1827.txt,114,0,0.88,2.63,0.88,0.88,0,0.88,1.75,0.88,1.75
1007_170418_1017.txt,51,1.96,1.96,0,0,0,0,1.96,1.96,0,0
1007_190418_2034.txt,111,0,0,0.9,0.9,3.6,0,1.8,1.8,5.41,1.8
1007_180418_2123.txt,143,0,0,0,0,0,0.7,2.1,2.8,0,0.7
1007_200418_1519.txt,119,3.36,3.36,1.68,0.84,0,0,1.68,0,0,0
1007_190418_1018.txt,140,2.86,1.43,2.86,0.71,1.43,2.14,2.14,2.14,0.71,2.14
1007_200418_1752.txt,181,1.1,0,0,1.66,0.55,0,0,2.21,2.21,0.55
1007_200418_1623.txt,74,2.7,0,2.7,1.35,1.35,2.7,1.35,1.35,4.05,0
1007_230418_1848.txt,124,0,0,0,0,0,0.81,0,0.81,2.42,0.81
1007_200418_1904.txt,157,5.1,3.18,0.64,0.64,0.64,0.64,1.27,1.27,0.64,2.55
1007_250418_1740.txt,133,0.75,0,1.5,1.5,2.26,0.75,1.5,3.76,1.5,1.5
1007_230418_2023.txt,139,0.72,0.72,2.88,1.44,0.72,0,5.04,1.44,5.04,0.72
1007_200418_1952.txt,117,1.71,0.85,1.71,0,1.71,0.85,2.56,1.71,0,0.85
1007_250418_1907.txt,137,4.38,0,1.46,0.73,1.46,0.73,0,3.65,0.73,1.46
1007_230418_2157.txt,90,2.22,0,3.33,0,0,0,7.78,1.11,1.11,1.11
1007_200418_2117.txt,66,0,1.52,1.52,0,1.52,0,0,4.55,4.55,1.52
1007_250418_1947.txt,36,5.56,2.78,0,0,2.78,0,0,2.78,2.78,2.78
1007_240418_1211.txt,129,1.55,0.78,0.78,0.78,0,2.33,0,0,1.55,0.78
1007_220418_1204.txt,162,0.62,0,4.32,0,0.62,0.62,1.23,0,1.23,0.62
1007_250418_2145.txt,165,1.82,0,4.24,2.42,0,1.82,3.64,2.42,0.61,0.61
1007_240418_1414.txt,139,0,0,2.16,1.44,1.44,2.88,0,1.44,4.32,1.44
1007_220418_1302.txt,175,1.71,0,1.14,0,2.86,0,0,0,3.43,4.57
1007_260418_1002.txt,163,3.07,0,1.84,0,1.23,0,3.68,0,0.61,0
1007_240418_1510.txt,141,2.84,0,0,0,0.71,0,3.55,0,0.71,0
1007_220418_1403.txt,159,2.52,0,0.63,0.63,1.89,3.14,0.63,1.26,2.52,1.89
1007_260418_1103.txt,186,1.08,0,1.61,0,1.61,0,0,0.54,0.54,1.08
1007_240418_1624.txt,60,3.33,0,1.67,3.33,0,1.67,3.33,0,3.33,0
1007_220418_1452.txt,155,1.29,0.65,1.29,1.29,1.94,1.29,0,2.58,0.65,1.94
1007_260418_1600.txt,79,3.8,3.8,2.53,0,1.27,0,1.27,0,1.27,0
1007_240418_1709.txt,140,0.71,0.71,0,0.71,0,0,0,0.71,0.71,2.86
1007_220418_1742.txt,103,0.97,0.97,0,2.91,2.91,0,0,4.85,2.91,0.97
1007_260418_1818.txt,186,2.15,1.08,0.54,2.69,2.15,0,1.61,1.08,1.08,0
1007_240418_1913.txt,152,1.32,0,6.58,0.66,1.32,2.63,1.97,2.63,0.66,0.66
1007_220418_1837.txt,152,0,0.66,0,1.97,4.61,0.66,0,3.29,2.63,1.32
1007_260418_1856.txt,203,1.97,0.49,2.96,1.97,0.99,0,4.43,1.97,2.46,0.49
1007_240418_1944.txt,69,0,0,7.25,0,0,2.9,2.9,2.9,5.8,0
1007_220418_1936.txt,168,1.19,0.6,2.98,0,1.19,0.6,1.19,1.79,0.6,1.19
1007_260418_2035.txt,153,0.65,0,1.31,0.65,1.31,0.65,1.96,2.61,1.31,1.31
1007_240418_2156.txt,127,1.57,1.57,4.72,2.36,0,0.79,6.3,0.79,0.79,2.36
1007_230418_1020.txt,153,1.96,1.31,1.96,0.65,0,0,1.31,0,0.65,1.96
1007_260418_2052.txt,103,0,0,0,0.97,0.97,0,1.94,0.97,0.97,0
1007_250418_1046.txt,161,1.86,0,1.24,0,0.62,0,2.48,0,1.86,1.24
1007_230418_1222.txt,82,0,0,0,2.44,1.22,0,1.22,1.22,1.22,0
1007_270418_1738.txt,152,1.32,0.66,3.29,1.97,0.66,0.66,1.97,1.32,0.66,0
1007_250418_1235.txt,65,0,0,1.54,1.54,0,1.54,0,1.54,0,0
1007_230418_1415.txt,73,1.37,0,0,0,0,4.11,0,0,0,1.37
1007_270418_1850.txt,133,0,0,0,0,2.26,0,4.51,0.75,0,0
1007_250418_1403.txt,170,2.35,0.59,1.18,2.35,0,0.59,1.18,0.59,1.18,1.18
1007_230418_1553.txt,70,0,0,4.29,0,1.43,0,2.86,1.43,0,0
1007_270418_1949.txt,147,0,0,1.36,0,0,0.68,2.72,1.36,1.36,0.68
1007_250418_1545.txt,123,1.63,0,2.44,0.81,0,0.81,0.81,1.63,3.25,0
1007_230418_1722.txt,137,0,0,0.73,1.46,2.19,0,0,0.73,2.19,0
1007_270418_2200.txt,42,0,0,0,0,2.38,0,0,7.14,4.76,0
1007_250418_1654.txt,73,4.11,0,4.11,2.74,1.37,0,1.37,0,1.37,1.37
1007_290418_1038.txt,51,1.96,0,5.88,0,1.96,0,3.92,0,1.96,1.96
1007_280418_1305.txt,208,0.48,0.48,1.44,0.48,2.4,0,0,0,1.92,1.44
1007_300418_1950.txt,35,0,0,0,0,0,0,0,5.71,0,0
1007_290418_1122.txt,174,1.15,0,1.15,0,1.72,0.57,2.3,1.15,1.15,0
1008_200418_1607.txt,72,1.39,1.39,2.78,0,4.17,2.78,1.39,1.39,2.78,0
1007_300418_2156.txt,93,0,0,4.3,1.08,1.08,1.08,4.3,2.15,1.08,1.08
1007_290418_1250.txt,166,0.6,0.6,0.6,0.6,0.6,3.01,0,1.81,0.6,0
1008_210418_1200.txt,113,0.88,0,0.88,0,0.88,0.88,0,1.77,2.65,0
1008_170418_1317.txt,49,6.12,0,4.08,2.04,0,0,4.08,0,0,2.04
1007_290418_1347.txt,154,1.3,1.95,0.65,0.65,1.95,0,1.3,3.25,0.65,0.65
1008_210418_1239.txt,49,0,0,2.04,2.04,0,0,0,0,0,0
1008_170418_1429.txt,48,6.25,0,2.08,2.08,0,0,2.08,4.17,0,2.08
1008_210418_2026.txt,26,0,0,0,3.85,3.85,0,0,7.69,0,0
1007_290418_1510.txt,217,0.92,0.46,3.23,2.3,1.84,2.76,1.38,1.38,1.38,0.92
1008_170418_1540.txt,93,4.3,2.15,2.15,0,1.08,0,1.08,0,1.08,1.08
1008_220418_1042.txt,41,0,0,0,2.44,4.88,0,4.88,0,0,0
1007_290418_1705.txt,64,0,0,0,4.69,1.56,0,1.56,4.69,1.56,0
1008_230418_1009.txt,111,4.5,1.8,2.7,0,0,0.9,1.8,0,0.9,0
1008_170418_1627.txt,50,6,2,0,0,0,2,0,0,0,2
1007_290418_1813.txt,119,1.68,0.84,0.84,3.36,0.84,0,2.52,2.52,0,0.84
1008_240418_1754.txt,42,2.38,2.38,7.14,2.38,2.38,2.38,2.38,0,2.38,0
1008_170418_1832.txt,94,0,1.06,2.13,0,0,0,0,0,2.13,4.26
1007_290418_1935.txt,132,3.03,0,3.03,0.76,0,2.27,3.03,3.03,1.52,1.52
1008_240418_1833.txt,68,0,0,1.47,2.94,0,1.47,1.47,1.47,1.47,0
1008_170418_2006.txt,71,0,0,1.41,2.82,2.82,0,0,1.41,1.41,0
1008_240418_1947.txt,69,1.45,0,2.9,0,0,1.45,0,0,1.45,0
1007_290418_2044.txt,34,0,0,0,0,0,0,0,11.76,0,0
1008_170418_2102.txt,67,0,0,1.49,0,1.49,0,1.49,2.99,2.99,0
1008_240418_2147.txt,50,2,2,4,4,0,2,2,2,2,2
1007_290418_2105.txt,42,0,0,0,0,0,0,0,4.76,0,0
1007_300418_1203.txt,194,2.06,0,2.58,2.06,0.52,3.09,1.03,2.06,1.03,1.03
1008_250418_1621.txt,37,2.7,2.7,0,0,2.7,0,0,0,0,0
1008_250418_1732.txt,27,0,0,0,0,0,0,0,0,0,0
1007_300418_1405.txt,99,0,0,4.04,1.01,1.01,3.03,3.03,1.01,3.03,0
1008_250418_1833.txt,52,1.92,1.92,0,0,0,1.92,0,0,0,0
1007_300418_1533.txt,150,0,0,0.67,0,0,2,2.67,0.67,0.67,0
1008_250418_2022.txt,42,0,0,2.38,0,0,0,2.38,0,0,0
1008_180418_1723.txt,32,9.38,0,0,3.13,0,0,0,0,0,0
1007_300418_1610.txt,175,0,0.57,0,0,0,0,1.71,1.71,1.14,0.57
1008_260418_1356.txt,46,4.35,0,2.17,0,0,4.35,0,0,2.17,0
1008_180418_2140.txt,59,6.78,0,0,0,0,0,0,0,0,0
1007_300418_1723.txt,61,0,0,0,1.64,4.92,0,0,4.92,3.28,0
1008_260418_1900.txt,49,0,0,2.04,0,0,6.12,0,0,4.08,0
1008_190418_1054.txt,31,0,0,0,0,0,3.23,0,0,3.23,0
1007_300418_1925.txt,138,1.45,0,4.35,1.45,0,0,3.62,1.45,1.45,1.45
1008_190418_1512.txt,28,3.57,3.57,3.57,0,3.57,0,0,3.57,0,0
1008_270418_1235.txt,28,3.57,3.57,7.14,0,0,3.57,0,0,0,0
1008_290418_1717.txt,36,0,0,2.78,0,0,0,0,0,0,0
1009_190418_1017.txt,138,0.72,0,3.62,0,2.17,1.45,0.72,0,0.72,0.72
1008_300418_1214.txt,41,7.32,4.88,2.44,2.44,0,0,2.44,0,0,0
1008_270418_1333.txt,31,9.68,6.45,0,0,0,0,0,0,0,0
1009_190418_1255.txt,140,0,0,2.86,0,1.43,2.14,0,0,2.14,0
1008_300418_1433.txt,53,5.66,3.77,3.77,1.89,0,0,3.77,0,0,3.77
1008_270418_1805.txt,51,0,0,0,1.96,1.96,1.96,0,1.96,0,0
1009_190418_1734.txt,177,0,0,2.82,0.56,0.56,1.13,2.26,0,2.26,0
1008_300418_1450.txt,58,1.72,0,5.17,0,0,0,0,0,3.45,1.72
1009_190418_1736.txt,173,0,0,2.31,0.58,0.58,1.16,0,0,2.89,0.58
1008_270418_1831.txt,40,0,0,5,5,0,5,0,0,0,0
1009_200418_1522.txt,119,0,0,2.52,0.84,1.68,0,0.84,0.84,1.68,1.68
1008_270418_2001.txt,54,0,0,3.7,3.7,0,0,3.7,3.7,0,3.7
1009_170418_1029.txt,128,0.78,0,4.69,0.78,1.56,0,3.91,0.78,0,1.56
1009_200418_1607.txt,182,0,0,0.55,0,2.2,0,0,0.55,0,0.55
1008_280418_1100.txt,29,0,0,0,0,3.45,3.45,0,3.45,0,0
1009_170418_1110.txt,70,0,0,0,1.43,2.86,1.43,0,4.29,0,0
1009_200418_2142.txt,116,0,0,0,1.72,0,0,0.86,3.45,0.86,0
1009_210418_1140.txt,116,0.86,0,2.59,0.86,0.86,0,1.72,3.45,0,0.86
1009_170418_1325.txt,59,0,0,1.69,1.69,3.39,0,1.69,3.39,1.69,0
1008_280418_1839.txt,46,0,0,0,2.17,0,0,0,2.17,0,0
1009_210418_1357.txt,191,0,0,2.09,0,1.57,0.52,0,0.52,1.57,0
1009_170418_1343.txt,31,0,0,3.23,0,0,0,0,0,0,0
1008_280418_2026.txt,38,0,0,2.63,2.63,0,0,0,5.26,0,0
1009_210418_1843.txt,78,0,0,1.28,1.28,1.28,0,0,2.56,2.56,1.28
1009_170418_1651.txt,69,0,0,1.45,5.8,0,0,1.45,4.35,0,0
1008_290418_1027.txt,61,0,0,1.64,0,3.28,0,1.64,0,1.64,1.64
1009_220418_1855.txt,178,0.56,0.56,1.12,0.56,0,0,0,0,0.56,0.56
1009_170418_1744.txt,72,1.39,0,0,1.39,1.39,0,0,2.78,0,0
1008_290418_1108.txt,52,1.92,0,3.85,5.77,1.92,3.85,1.92,3.85,0,0
1009_230418_1058.txt,167,0,0,1.8,0.6,0.6,0,2.4,0.6,2.4,0
1009_170418_2026.txt,94,1.06,0,2.13,2.13,2.13,0,0,1.06,0,1.06
1008_290418_1354.txt,69,2.9,1.45,7.25,2.9,1.45,0,4.35,0,1.45,1.45
1009_230418_1148.txt,42,0,0,2.38,0,0,2.38,2.38,0,2.38,0
1009_180418_1011.txt,113,3.54,0,4.42,0,0.88,0,3.54,0,0,3.54
1008_290418_1546.txt,56,5.36,0,0,0,1.79,0,0,0,1.79,3.57
1009_230418_1417.txt,96,1.04,0,2.08,2.08,3.13,3.13,1.04,1.04,5.21,0
1009_180418_1205.txt,73,0,0,2.74,1.37,1.37,1.37,0,0,1.37,0
1008_290418_1648.txt,63,1.59,0,0,0,1.59,0,0,1.59,1.59,1.59
1009_230418_1500.txt,149,1.34,0,3.36,0.67,0.67,0,1.34,0,1.34,2.01
1009_180418_1447.txt,122,1.64,0,3.28,4.92,0.82,0.82,1.64,0.82,1.64,0.82
1009_230418_2051.txt,106,0,0,1.89,1.89,0,0,2.83,2.83,1.89,0.94
1009_230418_1635.txt,90,0,0,2.22,2.22,4.44,1.11,1.11,1.11,3.33,1.11
1009_180418_2150.txt,130,0.77,0.77,2.31,1.54,1.54,0,3.08,3.08,2.31,2.31
1009_240418_1021.txt,159,1.26,0.63,2.52,0.63,2.52,0,1.89,0.63,0,1.26
1009_290418_1832.txt,139,1.44,0,0.72,0,2.16,0,0.72,0,0,0.72
1017_010518_1951.txt,40,0,0,5,0,0,5,2.5,0,2.5,5
1009_240418_1536.txt,114,0,0,0,2.63,1.75,0,0.88,2.63,1.75,0.88
1009_290418_1917.txt,125,0,0,0.8,0.8,0,0,0,0.8,0.8,0.8
1017_020518_1712.txt,129,0.78,0,6.2,0,0,3.1,1.55,0,2.33,0.78
1009_240418_1639.txt,151,0,0,0.66,0.66,2.65,0,0,1.32,2.65,0
1009_290418_1939.txt,169,0.59,0.59,2.37,1.78,2.96,0,1.18,0.59,2.96,1.78
1009_240418_1711.txt,98,1.02,0,0,0,1.02,0,0,1.02,0,2.04
1009_290418_2220.txt,196,0,0.51,3.06,1.02,1.02,0,0,0.51,1.53,0
1017_190418_1038.txt,53,3.77,0,5.66,1.89,1.89,3.77,3.77,0,1.89,1.89
1009_240418_1842.txt,41,0,0,2.44,2.44,0,0,0,0,2.44,0
1009_300418_1123.txt,116,0,0,1.72,0,1.72,0,2.59,3.45,0.86,0
1017_190418_1203.txt,60,1.67,5,0,0,0,0,0,0,0,3.33
1009_240418_2153.txt,180,1.11,0.56,2.78,1.11,0.56,0,1.11,1.67,2.22,1.67
1010_170418_1542.txt,72,0,0,1.39,0,1.39,4.17,0,1.39,2.78,0
1009_250418_1041.txt,118,1.69,0,0.85,0,0,0.85,0,0,0,0.85
1010_170418_1704.txt,68,0,0,1.47,1.47,4.41,0,1.47,2.94,1.47,0
1017_190418_1248.txt,77,1.3,3.9,2.6,0,0,0,2.6,0,0,2.6
1009_250418_1538.txt,161,0,0,2.48,1.24,1.86,1.86,0.62,1.24,2.48,1.24
1010_170418_1930.txt,103,0.97,0,2.91,2.91,0.97,3.88,0.97,1.94,1.94,0.97
1017_190418_1457.txt,41,0,0,0,0,0,4.88,0,0,2.44,0
1009_250418_1652.txt,122,0,0,2.46,0.82,0,0,0,0.82,0.82,2.46
1010_170418_1940.txt,66,1.52,0,4.55,0,0,4.55,0,0,0,0
1017_250418_2053.txt,46,0,0,0,0,0,0,2.17,4.35,2.17,0
1009_250418_1736.txt,91,0,0,1.1,1.1,1.1,2.2,0,0,2.2,0
1010_170418_2115.txt,51,1.96,0,5.88,0,3.92,3.92,0,3.92,5.88,0
1009_250418_1932.txt,97,1.03,0,3.09,1.03,1.03,3.09,1.03,0,3.09,1.03
1017_260418_1525.txt,38,2.63,5.26,0,0,5.26,0,0,7.89,0,5.26
1010_180418_2150.txt,36,0,0,2.78,0,5.56,2.78,0,13.89,0,0
1009_250418_2046.txt,79,0,0,0,3.8,0,2.53,0,1.27,1.27,0
1017_260418_1604.txt,42,4.76,2.38,0,0,2.38,0,0,2.38,0,7.14
1010_190418_1017.txt,119,0.84,0,0,0,0.84,0.84,5.88,0,0.84,0.84
1009_250418_2109.txt,109,0.92,0,2.75,2.75,1.83,0.92,0.92,0.92,0.92,0.92
1017_300418_1219.txt,62,0,0,3.23,0,0,0,3.23,3.23,0,1.61
1010_190418_1241.txt,78,1.28,1.28,1.28,1.28,3.85,0,1.28,1.28,0,0
1009_260418_1102.txt,77,1.3,0,1.3,1.3,0,0,3.9,1.3,0,0
1010_200418_1801.txt,82,1.22,0,2.44,2.44,2.44,2.44,1.22,1.22,3.66,0
1018_190418_1113.txt,34,0,0,5.88,0,0,5.88,0,0,2.94,2.94
1009_260418_1340.txt,114,0.88,0,2.63,0,0.88,1.75,0,0,1.75,0.88
1010_220418_1646.txt,53,1.89,0,1.89,0,3.77,0,3.77,3.77,0,0
1009_260418_1452.txt,166,0,0,2.41,0.6,0.6,0,1.2,1.2,1.81,0.6
1010_230418_1616.txt,66,1.52,0,1.52,3.03,0,3.03,0,1.52,1.52,0
1020_010518_1017.txt,82,2.44,0,2.44,0,0,1.22,3.66,0,0,0
1009_260418_1919.txt,131,0,0,1.53,2.29,1.53,0,1.53,2.29,0.76,0.76
1010_230418_1930.txt,135,0,0,1.48,0.74,3.7,0,0,5.19,0.74,0
1020_190418_1057.txt,52,1.92,0,3.85,0,0,1.92,1.92,0,1.92,0
1009_260418_2006.txt,188,0,0,3.19,0,0.53,0,2.13,0,0.53,1.06
1010_250418_1058.txt,147,0,0,4.08,0,0,0.68,1.36,0,1.36,0
1020_190418_1135.txt,52,1.92,0,3.85,0,0,1.92,1.92,0,1.92,0
1009_270418_1349.txt,159,0,0,0.63,0.63,0,0,1.26,0.63,1.89,0
1020_190418_1136.txt,94,2.13,0,3.19,2.13,1.06,2.13,1.06,1.06,2.13,0
1009_270418_1553.txt,226,0.44,0,0.88,0,0.44,0.44,0,0.88,2.21,0.44
1020_190418_1320.txt,59,1.69,0,1.69,1.69,0,0,1.69,3.39,0,0
1009_270418_1715.txt,139,0,0,0.72,1.44,0,0,0.72,0,0,0
1011_180418_1759.txt,100,0,0,1,2,6,0,0,2,0,0
1020_190418_1404.txt,80,0,0,1.25,0,0,0,3.75,1.25,0,0
1009_280418_1143.txt,191,0,0,0.52,0,0,0,0.52,2.62,0.52,1.05
1011_190418_1341.txt,54,0,0,3.7,0,0,0,0,1.85,0,3.7
1020_190418_1550.txt,50,2,0,4,2,4,2,2,6,0,0
1009_280418_1435.txt,200,2,0,1.5,0,1.5,0,0,1,0.5,2
1011_190418_1757.txt,25,0,0,8,0,12,0,0,0,0,4
1020_190418_1749.txt,47,2.13,0,2.13,4.26,6.38,4.26,0,4.26,0,0
1009_280418_1536.txt,134,0,0,0,0.75,2.99,0,0,2.24,0,0
1020_200418_1204.txt,35,2.86,0,2.86,2.86,0,0,0,2.86,0,0
1009_280418_1701.txt,116,0.86,0,0,0,0.86,0,0,3.45,0.86,0
1020_200418_1516.txt,59,0,0,3.39,0,0,0,0,0,0,1.69
1009_280418_1713.txt,76,2.63,0,1.32,1.32,1.32,0,0,5.26,0,0
1009_280418_1841.txt,94,0,0,1.06,2.13,0,0,1.06,1.06,0,1.06
1011_290418_1112.txt,58,0,0,1.72,0,3.45,0,0,1.72,0,0
1020_200418_2129.txt,73,0,0,5.48,2.74,0,2.74,1.37,1.37,0,0
1009_280418_1941.txt,79,1.27,0,1.27,2.53,2.53,0,0,2.53,2.53,0
1017_010518_1039.txt,86,0,0,2.33,0,0,0,0,0,0,0
1020_210418_1001.txt,46,0,0,0,2.17,4.35,2.17,0,2.17,0,0
1009_290418_1016.txt,180,0,0,1.11,0.56,1.11,0,1.11,0.56,0.56,0.56
1017_010518_1159.txt,56,0,0,1.79,0,7.14,0,0,0,0,1.79
1020_210418_1631.txt,45,2.22,0,2.22,2.22,2.22,0,2.22,4.44,0,0
1009_290418_1411.txt,230,0.43,0,3.48,0.43,1.3,0.43,0.87,0.87,0.87,0
1017_010518_1313.txt,49,0,0,2.04,4.08,0,0,2.04,2.04,2.04,0
1020_210418_1723.txt,55,0,0,3.64,0,5.45,0,3.64,3.64,0,0
1009_290418_1545.txt,136,1.47,0,0.74,0.74,0,0,0,0.74,0.74,0
1020_220418_1053.txt,40,0,0,5,0,0,0,10,0,2.5,0
1020_220418_1754.txt,48,0,0,2.08,0,2.08,2.08,0,2.08,0,0
1017_010518_1751.txt,36,2.78,0,2.78,0,0,2.78,0,0,2.78,2.78
1020_220418_1123.txt,49,0,0,0,2.04,0,0,0,2.04,0,0
1020_220418_1851.txt,71,0,0,4.23,1.41,0,1.41,1.41,1.41,0,0
1029_020518_2130.txt,66,3.03,0,1.52,0,1.52,0,1.52,0,0,1.52
1020_220418_1434.txt,83,3.61,1.2,2.41,2.41,1.2,1.2,1.2,1.2,1.2,2.41
1029_030518_1649.txt,93,1.08,0,4.3,0,0,4.3,0,1.08,2.15,1.08
1020_220418_2003.txt,43,0,0,0,0,0,0,0,2.33,2.33,0
1020_220418_1505.txt,42,0,0,2.38,0,0,2.38,0,0,0,0
1029_220418_1106.txt,32,3.13,0,0,0,0,0,3.13,0,0,3.13
1020_230418_1311.txt,75,2.67,2.67,4,0,0,0,2.67,4,0,0
1020_220418_1647.txt,100,0,0,1,1,1,1,0,3,0,0
1029_230418_1244.txt,46,4.35,0,0,0,0,0,4.35,0,0,4.35
1020_240418_1451.txt,86,2.33,1.16,8.14,0,0,2.33,5.81,0,0,0
1031_010518_1324.txt,61,0,0,0,1.64,1.64,0,0,1.64,0,0
1029_230418_1501.txt,41,7.32,0,0,0,0,0,2.44,0,0,2.44
1020_240418_1634.txt,63,3.17,1.59,7.94,0,1.59,1.59,3.17,3.17,0,0
1031_010518_1418.txt,121,0,0,0.83,0,0.83,0,0,0.83,1.65,1.65
1029_240418_1053.txt,64,3.13,1.56,4.69,0,0,3.13,1.56,0,0,3.13
1031_010518_1458.txt,83,1.2,0,0,1.2,1.2,1.2,0,4.82,0,1.2
1020_240418_1808.txt,114,2.63,0,5.26,1.75,0.88,2.63,2.63,0,0,0.88
1029_240418_1657.txt,48,4.17,0,2.08,0,0,2.08,0,0,0,6.25
1031_020518_1035.txt,118,3.39,0.85,4.24,0.85,1.69,1.69,0,0,0.85,4.24
1020_240418_2124.txt,59,0,0,1.69,1.69,8.47,0,3.39,0,1.69,1.69
1031_020518_1150.txt,74,0,0,1.35,1.35,0,1.35,0,1.35,0,1.35
1029_240418_2045.txt,63,6.35,0,1.59,0,1.59,0,0,0,1.59,4.76
1020_250418_1917.txt,87,3.45,1.15,6.9,3.45,1.15,3.45,3.45,1.15,0,1.15
1031_020518_1428.txt,74,0,0,1.35,1.35,0,1.35,0,1.35,0,1.35
1029_240418_2142.txt,36,5.56,0,2.78,0,2.78,0,0,0,2.78,2.78
1031_020518_1523.txt,73,2.74,1.37,0,5.48,4.11,2.74,0,8.22,1.37,1.37
1020_260418_1030.txt,34,2.94,2.94,8.82,2.94,0,0,5.88,0,0,0
1029_250418_1556.txt,77,2.6,0,1.3,0,0,1.3,7.79,0,0,3.9
1031_020518_1639.txt,106,1.89,0,1.89,0.94,1.89,0.94,0,5.66,0.94,1.89
1020_260418_1539.txt,106,0,0,6.6,0.94,0,0.94,5.66,2.83,0.94,0
1029_250418_1944.txt,64,1.56,0,0,3.13,0,0,0,0,0,1.56
1031_020518_1854.txt,132,3.79,3.79,0.76,0.76,1.52,0.76,1.52,2.27,0,0
1020_260418_1802.txt,136,0,0,2.94,0.74,0.74,0.74,2.21,0,0.74,0
1029_250418_2122.txt,53,1.89,0,3.77,0,0,1.89,1.89,0,1.89,3.77
1031_020518_2028.txt,116,0.86,0.86,4.31,3.45,1.72,0.86,1.72,2.59,0,1.72
1020_270418_1150.txt,81,0,0,2.47,1.23,0,1.23,3.7,2.47,0,0
1031_020518_2111.txt,114,0.88,1.75,2.63,0.88,3.51,0.88,0,4.39,1.75,0
1029_260418_1108.txt,25,4,0,0,0,0,0,8,0,0,4
1020_270418_1228.txt,65,1.54,0,6.15,1.54,0,1.54,4.62,0,0,0
1031_030518_1328.txt,112,2.68,2.68,0.89,1.79,1.79,0,1.79,1.79,0,0.89
1029_260418_1632.txt,73,1.37,0,1.37,0,0,4.11,0,0,0,2.74
1031_030518_1459.txt,107,0.93,0,1.87,0,1.87,1.87,0,0,0.93,0.93
1020_270418_1505.txt,85,2.35,0,2.35,1.18,1.18,0,0,2.35,0,0
1029_300418_1106.txt,81,2.47,0,4.94,1.23,0,1.23,2.47,1.23,2.47,3.7
1031_030518_1650.txt,111,3.6,0.9,2.7,0,1.8,0,0.9,1.8,0.9,1.8
1020_270418_2116.txt,97,1.03,0,7.22,1.03,1.03,1.03,3.09,3.09,0,0
1031_210418_1025.txt,110,0.91,0,1.82,0.91,2.73,0,0.91,0,2.73,1.82
1030_020518_1649.txt,32,0,0,0,3.13,6.25,3.13,0,9.38,0,0
1020_280418_1444.txt,52,5.77,0,0,0,1.92,0,0,1.92,0,0
1031_210418_1112.txt,83,2.41,1.2,0,0,2.41,0,0,1.2,0,2.41
1031_210418_1438.txt,104,1.92,0,0.96,0.96,3.85,0,0.96,0.96,0,0.96
1020_280418_1650.txt,92,3.26,0,4.35,1.09,0,2.17,1.09,0,1.09,1.09
1031_210418_1450.txt,36,2.78,0,0,0,2.78,0,0,0,0,2.78
1020_300418_1637.txt,82,1.22,1.22,7.32,2.44,1.22,4.88,2.44,2.44,0,0
1031_210418_1815.txt,74,2.7,0,2.7,1.35,4.05,0,0,2.7,0,2.7
1024_020518_1552.txt,152,1.32,0.66,2.63,0,1.32,1.97,1.32,0.66,1.32,0
1031_220418_1026.txt,68,4.41,0,2.94,2.94,5.88,0,1.47,0,0,2.94
1024_020518_1620.txt,142,0.7,0,2.82,0,2.11,0,0.7,0.7,1.41,2.82
1031_220418_1409.txt,104,0.96,0,1.92,0.96,0.96,0,0,0,0,1.92
1024_190418_1021.txt,87,0,0,2.3,0,2.3,2.3,0,1.15,2.3,0
1030_240418_1856.txt,43,0,0,0,0,4.65,0,2.33,2.33,0,0
1031_220418_1443.txt,104,0.96,0,0,0.96,1.92,2.88,0,1.92,0.96,0
1024_190418_1756.txt,87,4.6,0,1.15,0,0,1.15,0,0,0,1.15
1031_220418_1558.txt,138,1.45,0,0,0.72,2.9,1.45,0,3.62,0.72,0
1024_190418_1824.txt,87,4.6,0,1.15,0,0,1.15,0,0,0,1.15
1031_220418_1759.txt,132,3.79,3.79,0.76,0.76,2.27,0.76,0.76,2.27,0.76,1.52
1024_190418_1942.txt,74,0,0,1.35,0,1.35,1.35,0,1.35,0,0
1031_220418_2012.txt,121,1.65,1.65,0,1.65,4.13,0,0,0.83,1.65,0.83
1024_200418_1413.txt,148,2.7,2.03,0.68,2.03,0,2.7,0.68,0.68,1.35,0
1030_270418_2028.txt,33,0,0,0,3.03,6.06,0,0,0,3.03,3.03
1031_230418_1043.txt,150,1.33,1.33,1.33,1.33,2,1.33,3.33,0.67,2,0.67
1024_200418_1629.txt,64,1.56,0,0,0,1.56,0,0,0,1.56,1.56
1031_230418_1201.txt,104,2.88,0,0.96,0.96,1.92,0.96,0.96,2.88,0.96,2.88
1024_210418_1034.txt,109,1.83,0,0,0,0.92,0,0,0.92,0,0
1030_280418_1134.txt,27,3.7,0,0,0,0,0,3.7,3.7,0,0
1031_230418_1227.txt,72,0,0,0,2.78,1.39,0,0,2.78,1.39,0
1024_210418_1203.txt,73,0,0,0,0,0,0,0,1.37,0,0
1030_280418_1754.txt,34,0,0,0,0,5.88,0,0,2.94,2.94,0
1024_220418_2156.txt,73,0,0,0,0,0,0,0,1.37,0,0
1031_230418_1415.txt,113,0,0,4.42,0,0,1.77,0,0,0,1.77
1031_230418_1517.txt,66,0,0,0,1.52,3.03,3.03,0,6.06,0,0
1024_260418_1040.txt,80,0,0,0,0,1.25,0,2.5,0,0,0
1031_230418_1650.txt,124,0.81,0,2.42,0.81,0,0,1.61,0,0,0.81
1029_020518_1149.txt,96,2.08,0,4.17,0,1.04,5.21,0,1.04,2.08,1.04
1031_010518_1156.txt,129,2.33,2.33,2.33,0.78,1.55,1.55,0.78,1.55,2.33,0
1031_230418_1731.txt,124,0.81,0,2.42,0.81,0,0,1.61,0,0,0.81
1031_230418_2103.txt,69,1.45,0,1.45,0,1.45,0,0,4.35,2.9,1.45
1032_220418_1035.txt,55,3.64,0,1.82,0,0,1.82,0,0,3.64,0
1033_020518_1910.txt,118,0.85,2.54,0,0.85,0.85,0,0.85,0.85,3.39,1.69
1031_240418_1807.txt,112,2.68,2.68,3.57,0,0.89,0,3.57,0,0,0.89
1032_220418_1100.txt,103,1.94,0,0.97,0,0.97,0,0,1.94,2.91,2.91
1033_020518_2011.txt,126,1.59,0,1.59,1.59,2.38,1.59,0,2.38,1.59,0.79
1031_240418_1956.txt,132,0.76,0,3.79,2.27,2.27,0,2.27,0.76,1.52,1.52
1032_220418_2034.txt,164,2.44,0,2.44,1.22,2.44,0,1.22,3.05,1.22,2.44
1033_020518_2101.txt,149,0.67,0,0.67,0,0.67,0.67,0,3.36,1.34,1.34
1031_250418_1024.txt,90,4.44,1.11,7.78,1.11,0,0,3.33,0,0,4.44
1032_220418_2056.txt,51,5.88,0,5.88,1.96,1.96,0,5.88,0,0,3.92
1033_030518_1359.txt,140,1.43,0.71,0.71,2.86,3.57,1.43,0.71,2.86,2.14,0.71
1031_250418_1209.txt,108,0.93,0.93,2.78,0,1.85,1.85,0,0,0.93,4.63
1033_030518_1442.txt,108,1.85,0.93,0.93,0.93,0,0.93,1.85,0,0.93,0.93
1032_230418_1059.txt,142,2.82,0,1.41,0,2.82,0.7,1.41,0.7,0.7,0
1031_250418_1429.txt,86,2.33,0,0,1.16,2.33,0,0,1.16,0,1.16
1033_040518_1915.txt,147,0,0.68,2.72,1.36,2.04,0.68,2.04,0.68,0.68,1.36
1032_230418_1209.txt,55,1.82,0,0,0,3.64,1.82,0,3.64,0,1.82
1031_250418_1553.txt,67,1.49,0,1.49,0,0,1.49,0,0,0,1.49
1033_210418_1159.txt,150,4,1.33,2.67,1.33,2,3.33,0.67,2.67,1.33,3.33
1031_250418_1642.txt,86,1.16,0,1.16,0,1.16,0,0,3.49,1.16,1.16
1033_210418_1238.txt,127,0,0,1.57,0,1.57,3.94,0,0.79,1.57,0
1032_230418_1726.txt,29,6.9,0,0,0,3.45,0,0,0,0,0
1031_250418_2040.txt,110,1.82,0,1.82,0.91,5.45,0,0,0.91,0.91,1.82
1033_210418_1415.txt,155,0.65,0,5.16,1.94,0.65,3.23,2.58,1.29,0,0.65
1032_230418_2040.txt,40,2.5,0,0,0,0,0,0,0,2.5,2.5
1031_260418_1418.txt,78,3.85,3.85,2.56,2.56,1.28,0,2.56,2.56,0,1.28
1033_210418_1448.txt,130,0.77,0,0.77,1.54,1.54,3.85,0,2.31,1.54,0
1032_240418_1605.txt,79,2.53,0,1.27,1.27,0,3.8,0,1.27,0,0
1031_260418_1514.txt,88,1.14,1.14,1.14,1.14,2.27,0,1.14,0,2.27,0
1033_210418_1600.txt,146,0,0,0,0.68,2.05,3.42,0.68,0.68,1.37,0.68
1032_240418_1711.txt,153,3.92,1.96,0.65,0,3.92,0.65,1.31,3.27,1.96,0
1031_260418_1604.txt,67,4.48,1.49,0,0,1.49,0,0,1.49,0,1.49
1033_210418_2036.txt,155,0,0,2.58,1.29,3.87,2.58,0.65,3.23,0.65,0
1032_240418_1834.txt,119,2.52,0.84,3.36,1.68,2.52,2.52,0.84,0.84,2.52,0
1031_260418_1816.txt,69,1.45,0,0,0,2.9,0,0,2.9,0,0
1033_210418_2137.txt,137,1.46,0,2.92,2.19,2.19,0.73,2.92,2.92,2.19,0.73
1032_240418_2045.txt,27,0,0,0,3.7,7.41,0,0,3.7,0,0
1031_260418_1959.txt,92,0,0,2.17,2.17,2.17,0,0,1.09,0,1.09
1033_220418_1207.txt,145,0,0.69,2.76,1.38,2.76,2.76,1.38,0,3.45,0.69
1032_250418_1249.txt,102,3.92,0.98,4.9,0.98,1.96,0,2.94,0,0.98,0.98
1033_220418_1218.txt,145,0,0.69,2.76,1.38,2.76,2.76,1.38,0,3.45,0.69
1031_270418_1003.txt,68,5.88,1.47,0,1.47,1.47,0,1.47,1.47,0,2.94
1032_250418_1328.txt,47,2.13,0,0,2.13,0,0,0,6.38,0,0
1033_220418_1421.txt,145,0,0.69,2.76,1.38,2.76,2.76,1.38,0,3.45,0.69
1031_270418_1612.txt,90,2.22,1.11,3.33,0,3.33,1.11,0,1.11,1.11,4.44
1032_250418_1650.txt,57,0,0,1.75,1.75,1.75,1.75,0,5.26,0,0
1033_220418_1521.txt,138,1.45,0,3.62,1.45,0,5.07,0.72,1.45,0,0
1031_280418_1053.txt,118,0.85,0.85,0.85,0,4.24,0,1.69,2.54,3.39,0.85
1032_250418_1850.txt,36,0,0,0,8.33,2.78,0,0,0,2.78,0
1033_220418_1643.txt,131,0.76,0,0,0.76,3.82,2.29,0.76,0.76,3.05,1.53
1031_280418_1112.txt,65,1.54,1.54,0,0,3.08,0,0,1.54,1.54,0
1032_250418_2020.txt,29,0,0,0,0,6.9,0,0,3.45,0,0
1033_220418_1712.txt,130,0,0,2.31,1.54,0,3.85,0.77,1.54,3.08,0
1031_280418_1346.txt,62,1.61,0,1.61,1.61,3.23,0,0,0,1.61,3.23
1032_260418_1430.txt,52,0,0,1.92,1.92,0,0,3.85,0,0,0
1033_220418_1847.txt,159,0.63,0,1.89,1.26,0.63,2.52,0,1.26,0,0
1031_280418_1517.txt,98,2.04,0,1.02,0,2.04,1.02,0,1.02,1.02,2.04
1032_270418_1027.txt,60,0,0,1.67,1.67,3.33,1.67,1.67,3.33,0,0
1033_220418_2113.txt,135,0,0,2.22,0.74,2.96,2.22,0.74,1.48,2.22,0
1031_280418_1606.txt,81,0,1.23,0,0,0,0,0,2.47,0,1.23
1032_270418_1449.txt,58,0,0,1.72,1.72,1.72,1.72,1.72,0,0,0
1033_230418_1211.txt,110,0.91,0,0.91,0,1.82,1.82,0.91,0.91,0.91,0
1031_290418_1018.txt,96,2.08,1.04,0,1.04,4.17,0,1.04,0,2.08,1.04
1032_280418_2036.txt,91,2.2,0,2.2,0,2.2,1.1,1.1,1.1,0,1.1
1033_230418_1221.txt,174,2.3,0,1.15,1.15,0.57,2.3,0,1.15,0,0
1031_290418_1206.txt,62,1.61,0,0,1.61,1.61,0,0,1.61,3.23,1.61
1032_290418_1123.txt,149,1.34,0,4.7,0,1.34,2.68,2.01,0,0.67,0.67
1033_230418_1649.txt,107,0,0,2.8,0.93,0,1.87,0.93,0.93,2.8,0
1033_010518_1223.txt,147,1.36,0.68,2.04,2.04,0.68,0,1.36,0,3.4,0.68
1031_290418_1214.txt,81,1.23,0,0,0,0,0,0,0,3.7,0
1033_230418_1813.txt,166,0.6,0,1.2,0,4.22,0,0,3.01,4.22,0.6
1033_010518_1402.txt,103,3.88,0,0.97,0,0,0,0,0,2.91,1.94
1031_290418_1545.txt,141,1.42,0.71,0.71,1.42,3.55,0,0.71,0,2.13,2.13
1033_230418_2003.txt,138,0.72,0,2.17,1.45,2.17,1.45,2.17,2.17,2.17,0
1033_010518_1524.txt,127,0.79,1.57,0.79,0.79,1.57,0.79,0,1.57,0.79,2.36
1031_300418_1501.txt,149,2.01,0.67,1.34,2.01,2.01,2.68,0.67,0.67,1.34,1.34
1033_230418_2151.txt,123,0,0,1.63,0.81,1.63,0,0.81,4.07,0.81,0
1033_010518_1831.txt,115,0,0,0.87,0.87,2.61,0,0,0.87,0,0
1033_240418_1117.txt,154,0.65,0,0.65,0.65,0.65,1.3,3.9,1.3,1.3,0
1031_300418_1717.txt,90,1.11,0,2.22,0,1.11,1.11,0,1.11,2.22,1.11
1033_010518_2106.txt,136,0.74,0.74,5.88,3.68,1.47,1.47,3.68,2.21,0,0.74
1033_240418_1217.txt,80,2.5,0,0,2.5,2.5,1.25,0,1.25,2.5,0
1032_210418_1116.txt,79,1.27,0,1.27,1.27,1.27,1.27,0,1.27,1.27,0
1033_020518_1006.txt,149,2.68,0.67,2.01,0.67,0.67,0.67,5.37,1.34,0.67,0
1033_240418_1331.txt,120,2.5,0,4.17,2.5,0.83,0.83,3.33,0,1.67,1.67
1032_210418_1327.txt,81,0,1.23,1.23,1.23,0,2.47,1.23,1.23,0,1.23
1033_020518_1156.txt,156,1.28,0,1.28,0.64,1.92,0.64,0,2.56,2.56,0.64
1033_240418_1501.txt,107,0,0,1.87,0,0,0.93,2.8,1.87,0,0
1032_210418_1539.txt,57,3.51,0,1.75,0,1.75,3.51,0,0,0,1.75
1033_020518_1239.txt,151,1.32,1.99,0,2.65,2.65,0,0,1.99,1.99,1.32
1032_210418_1707.txt,71,1.41,0,0,1.41,2.82,0,0,4.23,4.23,0
1033_240418_2154.txt,100,1,0,1,0,2,0,0,3,1,1
1033_020518_1356.txt,149,1.34,1.34,1.34,2.68,0,1.34,0.67,2.01,1.34,0
1032_210418_1935.txt,93,0,0,0,0,0,0,0,0,0,0
1033_250418_1050.txt,100,1,0,1,0,2,0,0,3,1,1
1034_300418_1642.txt,51,0,0,3.92,0,3.92,1.96,0,0,0,0
1037_290418_1445.txt,100,3,0,0,0,1,2,0,0,2,1
1033_250418_1111.txt,100,1,0,1,0,2,0,0,3,1,1
1035_010518_1656.txt,64,1.56,3.13,1.56,1.56,0,0,3.13,1.56,0,3.13
1038_210418_1219.txt,39,0,0,0,2.56,0,0,0,2.56,0,0
1033_250418_1233.txt,100,0,0,1,3,0,2,1,2,1,0
1035_010518_2116.txt,63,0,0,1.59,0,3.17,0,1.59,0,1.59,3.17
1038_210418_1347.txt,52,3.85,0,0,0,0,0,0,1.92,0,1.92
1033_250418_1418.txt,137,2.92,2.19,1.46,0.73,0,1.46,0.73,2.19,2.92,0
1035_020518_1735.txt,63,0,0,1.59,0,3.17,0,1.59,0,1.59,3.17
1038_220418_1043.txt,44,2.27,0,0,0,0,0,6.82,0,0,0
1033_250418_1518.txt,137,2.92,2.19,1.46,0.73,0,1.46,0.73,2.19,2.92,0
1035_040518_1544.txt,43,2.33,2.33,2.33,0,2.33,0,0,0,0,0
1038_220418_1134.txt,44,2.27,0,0,0,0,0,6.82,0,0,0
1033_250418_2012.txt,137,2.92,2.19,1.46,0.73,0,1.46,0.73,2.19,2.92,0
1038_220418_1405.txt,55,1.82,0,1.82,0,0,1.82,1.82,0,0,1.82
1033_250418_2107.txt,96,0,0,3.13,2.08,1.04,0,3.13,4.17,1.04,0
1038_220418_1957.txt,55,1.82,0,1.82,0,0,1.82,1.82,0,0,1.82
1033_260418_1027.txt,108,1.85,1.85,0.93,0,1.85,0,3.7,0.93,2.78,0
1038_230418_2038.txt,55,1.82,0,1.82,0,0,1.82,1.82,0,0,1.82
1033_260418_1648.txt,106,0,0,0.94,2.83,0.94,0.94,2.83,0.94,0.94,0.94
1035_220418_1840.txt,35,0,0,5.71,0,0,0,5.71,0,0,0
1033_260418_2157.txt,83,0,0,3.61,2.41,1.2,0,4.82,2.41,1.2,0
1038_260418_1327.txt,45,4.44,2.22,0,8.89,2.22,0,0,6.67,0,0
1033_280418_1348.txt,129,0.78,0,0.78,0.78,1.55,2.33,3.1,0,2.33,0
1033_280418_1919.txt,121,0,0,1.65,0.83,1.65,0.83,2.48,3.31,1.65,0
1038_270418_1448.txt,38,2.63,0,5.26,2.63,0,0,5.26,7.89,0,2.63
1033_280418_2012.txt,85,0,0,2.35,0,1.18,2.35,0,1.18,2.35,1.18
1038_270418_1945.txt,61,3.28,3.28,0,1.64,0,0,1.64,3.28,0,0
1035_240418_1350.txt,43,0,0,0,0,0,0,0,2.33,0,0
1033_280418_2152.txt,100,0,0,0,0,3,0,1,5,2,2
1038_280418_1045.txt,66,7.58,0,0,0,1.52,1.52,0,0,0,4.55
1033_290418_1057.txt,107,0,0,2.8,0.93,2.8,2.8,4.67,0,1.87,0.93
1038_280418_1128.txt,66,7.58,0,0,0,1.52,1.52,0,0,0,4.55
1035_260418_1245.txt,48,4.17,0,0,0,0,0,0,2.08,2.08,0
1033_290418_1127.txt,71,0,0,4.23,0,2.82,2.82,2.82,1.41,4.23,0
1038_280418_1236.txt,32,3.13,0,0,6.25,0,0,6.25,12.5,0,3.13
1033_290418_1307.txt,85,0,0,1.18,1.18,3.53,2.35,1.18,3.53,1.18,0
1038_280418_1535.txt,43,6.98,2.33,0,0,0,0,2.33,6.98,2.33,6.98
1035_270418_2018.txt,39,2.56,2.56,0,2.56,2.56,0,0,5.13,2.56,2.56
1033_290418_1349.txt,120,0.83,0,2.5,0,0,1.67,0.83,0,0,0
1035_280418_2015.txt,58,0,0,3.45,0,3.45,1.72,1.72,3.45,3.45,0
1038_280418_1839.txt,43,6.98,2.33,0,0,0,0,2.33,6.98,2.33,6.98
1033_300418_1136.txt,142,0.7,0.7,0,0,0,0.7,0,0,1.41,0.7
1038_290418_1115.txt,62,3.23,0,0,0,0,0,0,0,0,1.61
1033_300418_1357.txt,109,0,0,2.75,1.83,0,0.92,1.83,0,0,0
1036_010518_1027.txt,43,0,0,0,0,2.33,0,6.98,4.65,0,0
1038_290418_1452.txt,35,2.86,0,0,2.86,0,2.86,0,2.86,0,2.86
1033_300418_1514.txt,108,0,0,1.85,0,0.93,0.93,4.63,0.93,1.85,0
1036_010518_1531.txt,43,0,0,0,0,2.33,0,6.98,4.65,0,0
1038_290418_1933.txt,44,6.82,0,2.27,4.55,0,2.27,2.27,2.27,0,2.27
1033_300418_1636.txt,118,2.54,0,4.24,1.69,0,1.69,0.85,0.85,0.85,0
1036_010518_1640.txt,68,1.47,0,1.47,0,1.47,2.94,0,1.47,1.47,0
1039_210418_1238.txt,57,0,0,1.75,0,0,3.51,0,0,0,0
1033_300418_1912.txt,139,0,0,0.72,2.16,0,0,0.72,0,1.44,0
1036_010518_1803.txt,85,2.35,0,1.18,2.35,3.53,1.18,0,4.71,1.18,2.35
1039_210418_1816.txt,97,0,0,4.12,1.03,0,5.15,0,1.03,0,0
1033_300418_2128.txt,105,0.95,0,1.9,2.86,0,0,0.95,2.86,1.9,0
1036_020518_1403.txt,86,3.49,1.16,4.65,5.81,1.16,1.16,3.49,1.16,1.16,0
1039_210418_1858.txt,79,1.27,0,2.53,3.8,0,5.06,0,1.27,0,0
1034_010518_1121.txt,151,1.32,0,0.66,0,2.65,0,3.97,0.66,1.99,0.66
1034_010518_1503.txt,82,1.22,0,0,0,2.44,0,6.1,1.22,0,0
1039_230418_1057.txt,150,1.33,0,4,0,0,4,2,0,0,0
1036_020518_1722.txt,114,1.75,0,1.75,3.51,0.88,0.88,1.75,1.75,0.88,1.75
1034_010518_1726.txt,63,1.59,0,1.59,0,1.59,1.59,0,0,0,1.59
1039_250418_1136.txt,150,1.33,0,4,0,0,4,2,0,0,0
1036_020518_1907.txt,88,1.14,0,3.41,1.14,1.14,1.14,0,2.27,0,0
1034_010518_1858.txt,58,6.9,0,0,0,1.72,0,0,3.45,0,0
1039_270418_1700.txt,66,0,0,1.52,0,1.52,0,1.52,0,0,0
1036_030518_1124.txt,88,1.14,0,3.41,1.14,1.14,1.14,0,2.27,0,0
1034_010518_2130.txt,52,3.85,0,0,0,1.92,0,0,0,0,1.92
1039_290418_1136.txt,111,3.6,0,1.8,0,0,0.9,0.9,0,0.9,0
1036_040518_1832.txt,167,1.2,1.2,2.99,1.2,2.99,2.99,1.2,0.6,0,0
1034_020518_1317.txt,49,4.08,2.04,2.04,0,2.04,0,0,0,4.08,0
1040_030518_1008.txt,83,1.2,0,1.2,1.2,0,1.2,2.41,1.2,0,0
1036_040518_2013.txt,167,1.2,1.2,2.99,1.2,2.99,2.99,1.2,0.6,0,0
1034_020518_1611.txt,33,9.09,0,0,0,0,0,0,0,0,3.03
1040_210418_2037.txt,66,1.52,0,0,3.03,3.03,0,1.52,4.55,0,0
1036_210418_1253.txt,81,0,0,1.23,1.23,4.94,0,1.23,2.47,0,0
1034_020518_2149.txt,87,2.3,0,0,0,1.15,0,1.15,0,0,1.15
1040_220418_1021.txt,83,1.2,0,1.2,1.2,4.82,1.2,0,0,3.61,2.41
1036_220418_2031.txt,75,0,0,0,0,4,1.33,0,2.67,0,2.67
1034_030518_1130.txt,49,6.12,0,4.08,0,0,2.04,4.08,0,0,0
1040_220418_1116.txt,40,0,0,2.5,0,0,5,0,0,0,0
1036_230418_1031.txt,63,0,0,4.76,0,1.59,3.17,3.17,3.17,0,1.59
1034_030518_1427.txt,36,5.56,0,2.78,0,2.78,2.78,0,2.78,0,0
1040_220418_1414.txt,61,0,0,0,6.56,3.28,4.92,6.56,4.92,0,0
1036_230418_1107.txt,109,0.92,0,2.75,0,1.83,1.83,0,1.83,0,0.92
1034_030518_1651.txt,75,5.33,0,0,0,0,0,0,0,0,1.33
1040_240418_1222.txt,73,1.37,0,1.37,1.37,1.37,0,1.37,5.48,0,0
1036_230418_1408.txt,110,2.73,0,1.82,1.82,0,0,3.64,0.91,0.91,1.82
1034_030518_1947.txt,61,3.28,0,0,0,3.28,0,0,1.64,0,1.64
1040_250418_1152.txt,70,1.43,1.43,0,1.43,1.43,0,0,0,1.43,1.43
1036_230418_1534.txt,85,0,0,1.18,0,1.18,1.18,0,1.18,1.18,1.18
1034_040518_2016.txt,150,3.33,1.33,2,0.67,2.67,0,1.33,1.33,0,1.33
1040_260418_1354.txt,52,5.77,1.92,1.92,1.92,1.92,0,0,0,3.85,5.77
1036_230418_1551.txt,84,0,0,2.38,0,0,1.19,0,0,1.19,2.38
1034_210418_1905.txt,60,3.33,0,0,1.67,1.67,0,0,0,0,0
1040_290418_1638.txt,137,2.19,0.73,2.92,0,3.65,0.73,0,2.19,1.46,1.46
1034_210418_2119.txt,118,2.54,0,3.39,1.69,3.39,0.85,2.54,0.85,0,1.69
1041_020518_1036.txt,113,0.88,0,1.77,0,2.65,1.77,3.54,1.77,0.88,0
1036_240418_1755.txt,133,0.75,0.75,0.75,0,4.51,0.75,0,0.75,0,3.76
1034_220418_1250.txt,41,7.32,0,0,2.44,0,0,0,0,0,2.44
1041_230418_1618.txt,95,2.11,0,1.05,0,1.05,0,0,1.05,5.26,2.11
1036_250418_1424.txt,162,2.47,0.62,3.09,1.23,1.85,2.47,0.62,0.62,1.23,0.62
1034_220418_1528.txt,38,2.63,0,0,0,0,2.63,0,0,0,2.63
1041_230418_1716.txt,82,2.44,1.22,1.22,1.22,1.22,1.22,0,2.44,3.66,1.22
1036_250418_2110.txt,148,0,0,0,0,2.7,0,0,1.35,2.03,0.68
1034_220418_1836.txt,55,3.64,1.82,0,1.82,3.64,0,0,1.82,0,3.64
1041_260418_1635.txt,127,1.57,0,1.57,0,0.79,2.36,1.57,0,3.15,0.79
1036_260418_1055.txt,149,1.34,0,2.01,0.67,1.34,1.34,0.67,0.67,0,0
1034_220418_1939.txt,55,3.64,1.82,0,1.82,3.64,0,0,1.82,0,3.64
1041_300418_1202.txt,129,0.78,0.78,5.43,0,0,0.78,1.55,0,0.78,0.78
1036_260418_1114.txt,78,0,0,0,0,5.13,2.56,0,2.56,1.28,0
1034_230418_1152.txt,127,0,0,3.94,0,1.57,0.79,1.57,0.79,0,0.79
1041_300418_1409.txt,103,1.94,0.97,0.97,1.94,0.97,0.97,0,0.97,0.97,0.97
1036_270418_1324.txt,125,1.6,0,3.2,0,1.6,1.6,0,0.8,1.6,1.6
1034_230418_1216.txt,27,3.7,0,0,0,0,0,0,0,0,3.7
1036_290418_1057.txt,123,0.81,0,4.07,1.63,0.81,1.63,1.63,0.81,0,0.81
1034_230418_1505.txt,84,3.57,2.38,0,0,2.38,0,0,2.38,0,1.19
1042_260418_1012.txt,43,0,0,0,2.33,0,2.33,6.98,2.33,0,0
1036_290418_1132.txt,64,0,0,1.56,0,1.56,0,1.56,1.56,0,0
1034_230418_1832.txt,98,7.14,2.04,0,2.04,0,1.02,1.02,1.02,0,0
1043_010518_1059.txt,35,0,0,0,0,0,0,0,0,0,0
1036_290418_1257.txt,64,0,0,1.56,0,1.56,0,1.56,1.56,0,0
1034_230418_2047.txt,52,5.77,0,0,1.92,0,1.92,0,1.92,0,1.92
1043_020518_1033.txt,58,1.72,1.72,3.45,0,1.72,0,1.72,1.72,1.72,1.72
1036_290418_1552.txt,155,0,0,0.65,0.65,3.87,0.65,2.58,2.58,1.94,0
1034_240418_1214.txt,82,7.32,1.22,1.22,0,2.44,0,0,2.44,0,2.44
1043_020518_1824.txt,39,0,0,0,0,0,0,0,0,2.56,0
1036_290418_1727.txt,53,0,0,0,0,0,1.89,1.89,0,0,0
1034_240418_1538.txt,71,2.82,0,0,0,1.41,0,0,1.41,0,0
1043_030518_1032.txt,29,0,0,0,0,3.45,0,10.34,0,3.45,0
1036_290418_1958.txt,61,4.92,0,1.64,0,4.92,0,1.64,4.92,0,3.28
1034_240418_1705.txt,39,5.13,0,0,2.56,2.56,2.56,0,5.13,0,0
1043_040518_1012.txt,75,0,0,0,0,1.33,0,1.33,1.33,0,0
1036_300418_1032.txt,61,4.92,0,1.64,0,4.92,0,1.64,4.92,0,3.28
1034_240418_1839.txt,84,1.19,0,1.19,0,0,1.19,0,0,0,0
1043_040518_1438.txt,35,0,0,0,0,0,0,2.86,2.86,0,0
1036_300418_1157.txt,88,0,0,3.41,2.27,2.27,2.27,1.14,1.14,0,1.14
1034_250418_1613.txt,135,2.22,0.74,0.74,0.74,0.74,0.74,0,1.48,1.48,0
1043_040518_1658.txt,33,0,0,0,0,3.03,0,0,0,6.06,0
1036_300418_1422.txt,88,0,0,3.41,2.27,2.27,2.27,1.14,1.14,0,1.14
1034_250418_1858.txt,102,2.94,0,0.98,0,0,0.98,0,0,0.98,1.96
1043_040518_2055.txt,37,0,0,0,0,2.7,0,2.7,0,5.41,0
1036_300418_1844.txt,128,0.78,0,1.56,0.78,0,1.56,0.78,0,0.78,0.78
1034_250418_2118.txt,73,4.11,0,1.37,0,1.37,0,0,0,0,1.37
1043_050518_1941.txt,69,0,0,0,0,2.9,0,0,7.25,2.9,0
1034_260418_1319.txt,71,4.23,1.41,0,0,1.41,0,0,1.41,0,1.41
1036_300418_2041.txt,103,0,0.97,0.97,0.97,3.88,2.91,0,3.88,0.97,0
1043_060518_1305.txt,34,0,0,0,0,2.94,0,0,0,5.88,0
1034_260418_1650.txt,69,4.35,1.45,1.45,0,2.9,0,0,1.45,1.45,1.45
1036_300418_2103.txt,87,2.3,0,0,0,2.3,2.3,1.15,1.15,0,2.3
1043_070518_1642.txt,35,2.86,0,0,2.86,0,0,0,0,0,2.86
1034_260418_2024.txt,92,2.17,1.09,0,0,1.09,0,0,1.09,0,2.17
1037_210418_1101.txt,87,2.3,0,0,0,2.3,2.3,1.15,1.15,0,2.3
1043_240418_1302.txt,41,2.44,2.44,2.44,0,0,0,0,0,0,0
1034_270418_2124.txt,116,3.45,0.86,2.59,0.86,0,0,0.86,0,0,1.72
1037_210418_1437.txt,72,0,0,0,0,5.56,0,0,1.39,0,0
1034_280418_1127.txt,116,3.45,0.86,2.59,0.86,0,0,0.86,0,0,1.72
1043_240418_1452.txt,35,0,0,2.86,2.86,0,0,2.86,8.57,0,0
1037_210418_1749.txt,31,0,0,0,3.23,0,6.45,0,6.45,0,0
1034_280418_1602.txt,124,1.61,0.81,0,0,3.23,0,0.81,2.42,0,1.61
1043_240418_1621.txt,25,0,0,0,0,4,0,0,12,0,4
1037_220418_1809.txt,31,0,0,0,3.23,0,6.45,0,6.45,0,0
1034_290418_1248.txt,73,1.37,0,1.37,0,1.37,1.37,0,1.37,0,1.37
1043_240418_1747.txt,29,0,0,3.45,0,0,0,0,0,0,3.45
1037_230418_1112.txt,138,0.72,0,0.72,0,1.45,0,0.72,0,2.17,0.72
1034_300418_1100.txt,97,3.09,0,1.03,1.03,3.09,1.03,0,0,1.03,0
1037_230418_1544.txt,123,0.81,0,0.81,0,2.44,0,0,0,0.81,2.44
1043_250418_1011.txt,33,3.03,0,3.03,3.03,0,3.03,6.06,0,0,0
1037_240418_1017.txt,80,5,1.25,1.25,1.25,1.25,1.25,0,2.5,0,0
1043_250418_2118.txt,42,0,0,4.76,0,4.76,0,0,4.76,2.38,0
1043_250418_1400.txt,37,0,0,0,0,2.7,0,0,0,0,0
1037_260418_1437.txt,83,7.23,0,1.2,0,0,0,0,0,1.2,0
1043_260418_1648.txt,31,0,0,0,0,0,0,0,3.23,0,0
1043_250418_1504.txt,161,0,0,1.24,0,1.86,2.48,0.62,1.86,1.24,0
1047_030518_1227.txt,32,0,3.13,6.25,0,0,3.13,0,0,0,0
1043_260418_1815.txt,40,2.5,0,2.5,2.5,0,0,0,7.5,5,2.5
1043_250418_1555.txt,91,1.1,0,4.4,1.1,2.2,4.4,0,3.3,1.1,1.1
1047_030518_1442.txt,48,0,0,4.17,0,2.08,6.25,0,2.08,2.08,0
1043_260418_1858.txt,35,0,0,0,0,0,0,2.86,8.57,0,0
1051_070518_1413.txt,53,1.89,0,1.89,3.77,0,3.77,5.66,1.89,1.89,0
1047_070518_1346.txt,56,0,0,1.79,0,0,1.79,0,0,0,1.79
1043_260418_2136.txt,33,0,0,0,0,6.06,0,0,6.06,0,0
1051_070518_1535.txt,65,0,0,1.54,1.54,0,3.08,0,3.08,1.54,0
1047_070518_1523.txt,36,0,0,2.78,0,5.56,2.78,0,2.78,0,0
1043_270418_1117.txt,25,0,0,0,0,4,0,0,0,4,0
1051_070518_1555.txt,41,0,0,0,0,2.44,2.44,0,2.44,4.88,0
1047_240418_1417.txt,69,5.8,1.45,7.25,1.45,1.45,2.9,4.35,1.45,1.45,0
1043_270418_1352.txt,43,0,0,0,0,6.98,0,0,2.33,2.33,0
1051_070518_1741.txt,34,0,0,0,2.94,0,5.88,0,5.88,2.94,0
1047_240418_2037.txt,40,0,0,2.5,2.5,7.5,0,0,5,0,0
1051_070518_1836.txt,47,0,0,0,0,0,0,0,4.26,2.13,0
1051_070518_2017.txt,26,0,0,0,7.69,0,0,0,3.85,0,0
1047_250418_1113.txt,59,10.17,3.39,0,0,1.69,1.69,0,3.39,1.69,1.69
1043_270418_2012.txt,42,0,0,0,0,0,0,2.38,0,0,0
1047_260418_1116.txt,49,2.04,2.04,2.04,0,0,2.04,0,0,2.04,0
1043_280418_1725.txt,33,0,0,0,3.03,3.03,0,0,0,3.03,0
1051_230418_1803.txt,66,0,0,4.55,1.52,0,1.52,0,3.03,1.52,1.52
1043_280418_2026.txt,32,0,0,0,0,6.25,0,0,0,3.13,3.13
1051_230418_2004.txt,54,0,0,0,1.85,3.7,0,0,3.7,1.85,0
1043_290418_1044.txt,39,0,0,0,0,5.13,0,0,0,0,0
1051_240418_1015.txt,53,3.77,0,0,0,0,0,1.89,0,0,1.89
1043_290418_1932.txt,37,0,0,2.7,5.41,2.7,0,2.7,2.7,0,0
1051_240418_1107.txt,35,2.86,0,0,0,0,0,0,0,0,2.86
1043_290418_1941.txt,39,0,0,0,5.13,2.56,0,2.56,0,2.56,0
1051_240418_1348.txt,53,0,0,0,1.89,3.77,0,0,7.55,1.89,5.66
1043_290418_2127.txt,67,0,0,1.49,0,0,0,1.49,0,2.99,0
1051_240418_1551.txt,69,1.45,0,2.9,0,2.9,0,0,1.45,0,2.9
1050_050518_1341.txt,156,0.64,0,3.21,0.64,0,4.49,0.64,0,1.92,1.28
1043_300418_1059.txt,52,0,0,3.85,1.92,3.85,0,5.77,1.92,1.92,0
1051_240418_1557.txt,39,5.13,0,0,0,2.56,0,0,2.56,0,2.56
1050_240418_1925.txt,94,0,0,1.06,1.06,1.06,0,1.06,0,2.13,0
1043_300418_1215.txt,34,0,0,0,8.82,2.94,0,0,0,2.94,0
1051_240418_1731.txt,68,1.47,0,0,0,0,0,0,2.94,0,4.41
1043_300418_1632.txt,36,0,2.78,2.78,0,0,0,5.56,8.33,0,0
1051_240418_1933.txt,71,0,0,0,2.82,4.23,0,0,1.41,1.41,0
1050_250418_1312.txt,78,0,0,1.28,1.28,1.28,0,0,2.56,3.85,0
1044_010518_1336.txt,39,2.56,0,5.13,2.56,0,0,2.56,0,2.56,2.56
1051_240418_1951.txt,38,0,0,2.63,2.63,2.63,0,5.26,2.63,2.63,2.63
1050_300418_1158.txt,207,2.42,1.45,1.45,0,0.48,0.97,2.42,0,1.45,0
1044_260418_1926.txt,43,2.33,2.33,2.33,0,0,0,6.98,0,0,2.33
1051_240418_2113.txt,33,0,0,0,0,0,0,0,0,0,6.06
1050_300418_1222.txt,81,2.47,0,0,1.23,0,0,1.23,0,1.23,0
1044_290418_1845.txt,34,0,0,2.94,0,0,0,2.94,0,0,0
1051_250418_1023.txt,49,6.12,6.12,0,0,2.04,0,0,2.04,0,0
1045_030518_1702.txt,138,0.72,0,3.62,0.72,2.9,2.17,0.72,0.72,0.72,0
1051_250418_1424.txt,28,0,0,0,0,3.57,0,0,0,0,0
1045_070518_1207.txt,98,0,0,2.04,1.02,2.04,0,1.02,1.02,0,2.04
1051_250418_1503.txt,48,0,0,0,0,8.33,0,0,2.08,0,0
1045_240418_1016.txt,74,0,0,2.7,0,2.7,2.7,2.7,1.35,0,0
1051_250418_1721.txt,46,0,0,0,0,2.17,0,6.52,4.35,2.17,0
1051_010518_1655.txt,29,0,0,0,0,3.45,0,0,3.45,6.9,0
1045_240418_1312.txt,80,0,0,5,2.5,6.25,3.75,1.25,0,5,2.5
1051_250418_1723.txt,46,0,0,0,0,2.17,0,8.7,4.35,0,0
1051_010518_1813.txt,56,0,0,3.57,0,1.79,0,1.79,3.57,1.79,0
1045_250418_2115.txt,105,0,0,1.9,1.9,1.9,2.86,0,1.9,1.9,0
1051_250418_1808.txt,42,2.38,0,2.38,0,2.38,0,7.14,4.76,0,2.38
1051_010518_1835.txt,54,1.85,0,3.7,1.85,0,0,5.56,3.7,0,0
1045_280418_1034.txt,103,0.97,0,2.91,1.94,1.94,0.97,7.77,0.97,0.97,0
1051_010518_1959.txt,60,1.67,0,0,1.67,0,3.33,0,3.33,1.67,0
1045_280418_1612.txt,107,0.93,0.93,0.93,0.93,1.87,0.93,1.87,3.74,0,0.93
1051_250418_1937.txt,37,0,0,0,5.41,0,0,2.7,0,0,0
1045_290418_1055.txt,144,0,0,0,0,0.69,0,2.78,0,0,0
1051_020518_1140.txt,45,4.44,0,2.22,2.22,0,4.44,0,2.22,2.22,0
1051_250418_2203.txt,33,0,0,0,0,6.06,3.03,0,6.06,6.06,0
1045_290418_2106.txt,134,0,0,3.73,2.24,2.99,2.24,1.49,1.49,0,0
1051_020518_1259.txt,32,3.13,0,0,3.13,0,3.13,0,6.25,3.13,0
1051_260418_1029.txt,48,4.17,0,2.08,2.08,0,0,4.17,4.17,0,2.08
1046_010518_1434.txt,67,1.49,0,5.97,2.99,0,5.97,1.49,2.99,0,1.49
1051_260418_1132.txt,42,2.38,0,2.38,0,0,4.76,0,2.38,7.14,0
1046_010518_2028.txt,91,0,0,1.1,0,5.49,0,0,0,2.2,0
1051_020518_1540.txt,72,0,0,1.39,1.39,1.39,4.17,0,4.17,4.17,0
1051_260418_1711.txt,68,0,0,1.47,1.47,0,0,0,0,1.47,1.47
1051_020518_1705.txt,49,0,0,0,0,4.08,2.04,2.04,2.04,2.04,0
1051_260418_2034.txt,30,0,0,0,3.33,3.33,0,0,3.33,3.33,0
1046_020518_1805.txt,60,1.67,1.67,0,5,0,5,1.67,1.67,0,0
1051_020518_1754.txt,47,0,0,0,2.13,2.13,2.13,0,0,4.26,2.13
1051_260418_2138.txt,35,2.86,0,0,0,2.86,0,0,5.71,0,0
1046_030518_1813.txt,97,1.03,0,2.06,2.06,3.09,3.09,2.06,1.03,0,0
1051_020518_1855.txt,39,0,0,5.13,2.56,0,5.13,0,2.56,2.56,0
1051_270418_1041.txt,32,0,0,0,0,0,0,9.38,0,0,0
1046_240418_1200.txt,41,2.44,0,0,0,0,2.44,0,0,7.32,2.44
1051_020518_2154.txt,28,0,0,0,0,0,0,0,10.71,0,0
1051_270418_1122.txt,36,0,0,0,0,0,0,8.33,0,0,0
1046_240418_1245.txt,48,4.17,0,0,0,0,6.25,0,0,4.17,4.17
1051_270418_1423.txt,47,4.26,0,0,0,0,2.13,0,2.13,2.13,0
1046_240418_1341.txt,43,0,0,0,4.65,0,4.65,2.33,4.65,0,0
1051_030518_1323.txt,39,0,0,7.69,0,0,2.56,2.56,0,0,2.56
1051_270418_1522.txt,59,0,0,3.39,3.39,0,1.69,3.39,1.69,3.39,1.69
1046_240418_1518.txt,32,3.13,0,0,0,0,0,3.13,3.13,0,3.13
1051_030518_1419.txt,40,0,0,2.5,0,5,0,2.5,7.5,0,2.5
1051_270418_1617.txt,48,0,0,0,0,0,2.08,0,0,2.08,0
1046_240418_1604.txt,31,0,0,0,3.23,6.45,6.45,0,3.23,0,0
1051_030518_1450.txt,49,0,0,2.04,0,0,0,2.04,2.04,2.04,0
1051_270418_1718.txt,37,2.7,0,0,0,0,2.7,0,5.41,2.7,0
1046_240418_1757.txt,118,0,0,3.39,0,2.54,0.85,0,0.85,3.39,3.39
1051_030518_1705.txt,54,0,0,1.85,0,0,0,1.85,5.56,0,0
1051_270418_1903.txt,51,1.96,0,0,0,0,1.96,0,0,5.88,0
1046_250418_1024.txt,80,1.25,0,1.25,0,0,2.5,0,0,1.25,2.5
1051_030518_1806.txt,66,1.52,1.52,4.55,0,0,1.52,0,0,1.52,0
1051_270418_2021.txt,57,3.51,0,3.51,0,1.75,1.75,0,5.26,1.75,3.51
1051_270418_2111.txt,101,0.99,0,5.94,0,1.98,0.99,0,1.98,0,0.99
1046_250418_1225.txt,46,0,0,2.17,4.35,2.17,6.52,0,6.52,4.35,0
1051_030518_2146.txt,31,0,0,3.23,3.23,3.23,0,3.23,6.45,3.23,0
1051_280418_1153.txt,53,3.77,0,5.66,1.89,0,0,3.77,0,0,0
1046_250418_1606.txt,58,1.72,1.72,1.72,0,3.45,3.45,0,1.72,3.45,0
1051_040518_1049.txt,43,0,0,2.33,0,0,0,6.98,0,0,0
1051_280418_1710.txt,30,3.33,0,3.33,0,0,0,0,0,0,3.33
1046_250418_1844.txt,40,0,0,0,2.5,0,0,0,0,2.5,0
1051_040518_1159.txt,41,0,0,0,2.44,0,0,0,2.44,0,0
1051_280418_1944.txt,52,0,0,0,1.92,3.85,0,0,1.92,0,0
1046_260418_1200.txt,55,0,0,0,0,3.64,0,1.82,3.64,1.82,0
1051_040518_1311.txt,85,1.18,0,5.88,0,1.18,1.18,0,0,1.18,3.53
1051_280418_2126.txt,62,1.61,0,1.61,0,4.84,0,0,0,1.61,1.61
1046_260418_1327.txt,63,0,0,4.76,1.59,1.59,0,1.59,3.17,3.17,3.17
1051_040518_1444.txt,31,0,0,0,3.23,0,3.23,0,3.23,6.45,0
1051_290418_1207.txt,60,0,0,0,0,5,0,0,0,0,0
1046_260418_1400.txt,95,2.11,0,5.26,0,1.05,0,0,1.05,4.21,3.16
1051_040518_1605.txt,33,3.03,0,3.03,0,0,9.09,0,3.03,6.06,0
1051_290418_1825.txt,76,0,0,1.32,0,2.63,0,1.32,2.63,0,0
1046_260418_1714.txt,129,2.33,1.55,0.78,0,0,3.1,0,0,0,0.78
1051_040518_1955.txt,48,0,0,0,2.08,0,0,0,0,0,0
1046_260418_2017.txt,33,3.03,0,0,0,0,3.03,3.03,0,0,3.03
1051_050518_1100.txt,26,0,0,0,0,0,0,3.85,0,0,0
1046_270418_1240.txt,142,1.41,1.41,0.7,0.7,4.93,0,0.7,1.41,1.41,0.7
1051_050518_1213.txt,37,2.7,0,2.7,2.7,0,0,0,0,0,0
1046_270418_1654.txt,61,1.64,0,0,0,9.84,0,1.64,0,1.64,0
1051_300418_1123.txt,40,0,0,5,0,2.5,0,2.5,5,0,0
1046_270418_1807.txt,26,0,0,0,7.69,0,3.85,7.69,7.69,0,0
1046_280418_1344.txt,101,1.98,0,0.99,2.97,4.95,0.99,3.96,1.98,0.99,0.99
1051_060518_1354.txt,26,0,0,0,0,0,0,0,3.85,0,0
1051_300418_1815.txt,47,0,0,2.13,0,0,0,6.38,0,0,0
1046_280418_1834.txt,75,0,0,1.33,0,4,0,1.33,0,0,0
1051_060518_1633.txt,26,3.85,0,0,0,0,0,0,3.85,0,0
1046_290418_1045.txt,33,3.03,0,6.06,6.06,0,6.06,3.03,3.03,0,6.06
1046_290418_2008.txt,33,0,0,0,0,3.03,3.03,0,0,0,0
1051_060518_1850.txt,28,0,0,3.57,0,0,0,0,0,0,0
1051_060518_2136.txt,35,2.86,0,5.71,0,0,0,11.43,2.86,0,2.86
1051_070518_1101.txt,34,8.82,5.88,0,0,2.94,0,0,2.94,0,2.94
1046_300418_1226.txt,58,0,0,0,0,3.45,0,0,1.72,1.72,0
1051_070518_1153.txt,31,3.23,3.23,3.23,3.23,0,0,12.9,0,0,0
1047_020518_2042.txt,33,3.03,3.03,6.06,0,0,0,9.09,0,0,0
1051_070518_1235.txt,46,0,0,0,0,0,0,6.52,4.35,0,0
1054_240418_2145.txt,28,3.57,0,0,0,0,0,0,3.57,3.57,0
1047_020518_2048.txt,30,0,0,10,0,0,0,10,3.33,0,0
1054_260418_1657.txt,26,3.85,3.85,7.69,0,0,0,3.85,0,0,0
1055_070518_1205.txt,77,0,0,1.3,1.3,1.3,2.6,1.3,1.3,0,0
1054_280418_1522.txt,31,0,0,3.23,0,0,0,0,3.23,0,3.23
1055_240418_1907.txt,90,0,0,3.33,0,4.44,0,0,0,1.11,2.22
1070_140518_1046.txt,68,0,0,1.47,1.47,0,1.47,5.88,0,0,0
1070_140518_1255.txt,78,1.28,0,0,1.28,0,0,0,3.85,0,1.28
1055_010518_1131.txt,105,0,0,0.95,0,2.86,2.86,0,1.9,0.95,0
1055_250418_1134.txt,100,1,0,3,1,0,1,1,0,0,1
1070_140518_1553.txt,43,6.98,0,0,0,0,0,0,0,0,2.33
1055_040518_1645.txt,112,0,0,7.14,0,0,5.36,1.79,0,2.68,0.89
1055_270418_1448.txt,62,0,0,3.23,1.61,1.61,3.23,1.61,1.61,1.61,0
1070_150518_1251.txt,51,0,0,0,0,0,0,0,0,0,0
1056_260418_1308.txt,39,0,0,2.56,0,0,0,7.69,0,0,0
1070_150518_1525.txt,45,0,0,0,0,2.22,0,2.22,2.22,0,0
1070_150518_2016.txt,79,0,0,0,3.8,2.53,0,0,2.53,0,0
1056_270418_1515.txt,32,0,0,3.13,0,6.25,0,0,0,0,0
1070_160518_1040.txt,71,1.41,0,2.82,4.23,0,1.41,7.04,0,0,1.41
1058_250418_1021.txt,42,2.38,0,2.38,0,0,2.38,0,0,0,0
1070_210518_1039.txt,37,2.7,0,5.41,8.11,0,0,10.81,0,0,2.7
1060_250418_1330.txt,38,2.63,0,2.63,0,2.63,0,0,0,5.26,2.63
1070_210518_1858.txt,60,3.33,0,1.67,0,0,0,0,0,0,3.33
1061_250418_1109.txt,25,4,4,0,0,4,0,0,0,4,4
1061_250418_1328.txt,66,6.06,0,1.52,1.52,0,0,3.03,3.03,0,3.03
1061_250418_1501.txt,176,0.57,0,2.84,2.27,0,2.27,1.7,1.14,0.57,1.7
1061_250418_1707.txt,162,1.23,0.62,3.09,0.62,1.23,1.23,0,1.23,0.62,3.09
1061_250418_1808.txt,96,0,0,3.13,0,2.08,3.13,0,2.08,0,0
1061_260418_1134.txt,100,7,3,0,3,0,0,0,0,0,0
1061_260418_1252.txt,107,4.67,0,0,0,0.93,0,0,0.93,0.93,0
1061_260418_1621.txt,84,1.19,0,1.19,0,2.38,1.19,0,1.19,1.19,1.19
1061_260418_1752.txt,65,7.69,0,0,0,1.54,1.54,0,0,0,3.08
1071_120518_1036.txt,28,0,0,0,0,0,0,7.14,0,0,0
1061_270418_1939.txt,56,0,0,1.79,0,0,1.79,0,0,0,0
1071_120518_1431.txt,48,0,0,0,0,0,4.17,0,0,2.08,0
1072_080518_1306.txt,46,0,0,2.17,2.17,0,0,2.17,0,2.17,0
1063_070518_1207.txt,28,0,0,0,0,3.57,0,0,3.57,0,3.57
1073_080518_1318.txt,81,0,0,1.23,0,0,1.23,8.64,0,1.23,0
1063_280418_1052.txt,47,0,0,0,0,10.64,0,4.26,4.26,0,0
1073_080518_1340.txt,42,0,0,0,0,0,0,2.38,7.14,2.38,0
1064_270418_1320.txt,36,0,0,5.56,2.78,2.78,5.56,2.78,5.56,0,0
1073_080518_1846.txt,77,0,0,0,1.3,2.6,0,2.6,6.49,1.3,0
1065_010518_1359.txt,37,2.7,0,2.7,2.7,2.7,5.41,0,0,0,2.7
1003_170418_1055.txt,143,2.1,1.4,2.8,1.4,0,2.1,4.9,0.7,0,2.8
1065_020518_2157.txt,88,3.41,2.27,6.82,1.14,3.41,0,5.68,0,0,2.27
1065_030518_2013.txt,60,3.33,1.67,1.67,3.33,1.67,0,1.67,1.67,0,1.67
1065_050518_1120.txt,62,3.23,0,4.84,0,0,0,3.23,0,0,3.23
1065_050518_1358.txt,51,1.96,0,7.84,3.92,0,1.96,3.92,1.96,0,1.96
1065_060518_1529.txt,93,3.23,1.08,3.23,0,5.38,1.08,2.15,1.08,2.15,0
1065_060518_2152.txt,111,1.8,0,4.5,1.8,0.9,1.8,3.6,1.8,0.9,1.8
1065_090518_1032.txt,168,2.38,0.6,2.98,1.19,2.98,0,3.57,1.19,1.19,1.19
1065_260418_1746.txt,37,5.41,2.7,0,2.7,0,0,2.7,2.7,2.7,2.7
1065_270418_1438.txt,51,3.92,1.96,3.92,3.92,3.92,1.96,1.96,0,0,1.96
1065_270418_1832.txt,29,6.9,0,6.9,6.9,6.9,3.45,3.45,0,0,6.9
1065_300418_1115.txt,47,2.13,2.13,0,2.13,2.13,2.13,0,0,2.13,0
1065_300418_1448.txt,76,3.95,0,0,1.32,2.63,1.32,0,0,1.32,2.63
1065_300418_1602.txt,55,3.64,0,1.82,1.82,3.64,3.64,0,1.82,0,1.82
1068_090518_1342.txt,50,0,0,0,0,0,0,2,0,0,0
1068_110518_1059.txt,67,0,0,2.99,0,0,0,0,0,0,0
1068_130518_1444.txt,36,0,0,0,0,0,0,0,0,0,0
1068_150518_1433.txt,54,0,0,1.85,0,1.85,1.85,1.85,3.7,0,0
1068_160518_1104.txt,47,0,0,2.13,0,0,0,0,0,2.13,0
1069_080518_1124.txt,57,0,0,1.75,0,3.51,3.51,0,3.51,1.75,0
1069_090518_1044.txt,34,0,0,2.94,0,2.94,0,0,2.94,0,0
1069_110518_1604.txt,78,0,0,0,0,1.28,0,0,0,2.56,0
1070_080518_1100.txt,50,6,0,2,2,0,2,2,2,0,2
1070_080518_1433.txt,102,2.94,0,0,0.98,0,2.94,0.98,0.98,0.98,1.96
1070_090518_1046.txt,89,1.12,0,0,3.37,1.12,0,2.25,0,0,1.12
1070_090518_1705.txt,69,1.45,0,2.9,0,0,2.9,2.9,0,0,0
1070_090518_2149.txt,67,1.49,0,1.49,0,1.49,1.49,0,2.99,2.99,0
1070_100518_1051.txt,72,1.39,0,2.78,4.17,4.17,0,2.78,0,0,1.39
1070_100518_1741.txt,41,2.44,0,0,0,0,0,0,7.32,0,2.44
1070_110518_1358.txt,42,2.38,0,0,2.38,2.38,0,0,0,0,2.38
1070_110518_1936.txt,87,3.45,0,0,1.15,1.15,1.15,0,0,1.15,2.3
